Date,Close Price,Open Price,High Price,Low Price,Total Traded Quantity,Month,Year,priceXvol,Day_Perc_Change,Trend
2019-10-24,1259.11,1259.11,1262.9,1252.35,1010000.0,10,2019,1271701100.0,0.0011768167107970573,Slight or No change
2019-10-23,1257.63,1240.21,1258.04,1240.21,1180000.0,10,2019,1484003400.0000002,0.013237189816306838,Slight or No change
2019-10-22,1241.2,1244.48,1248.73,1239.85,1280000.0,10,2019,1588736000.0,-0.002475327096794877,Slight or No change
2019-10-21,1244.28,1248.7,1253.51,1239.99,1030000.0,10,2019,1281608400.0,-0.00010446717721657173,Slight or No change
2019-10-18,1244.41,1254.69,1258.11,1240.14,1580000.0,10,2019,1966167800.0000002,-0.00669699872286067,Slight or No change
2019-10-17,1252.8,1251.4,1263.75,1249.87,1060000.0,10,2019,1327968000.0,0.007884151246983162,Slight or No change
2019-10-16,1243.0,1241.81,1254.19,1238.53,1150000.0,10,2019,1429450000.0,0.0006117980422462033,Slight or No change
2019-10-15,1242.24,1221.5,1247.12,1220.92,1530000.0,10,2019,1900627200.0,0.020094106440460946,Slight or No change
2019-10-14,1217.77,1213.89,1225.88,1211.88,683930.0,10,2019,832869436.1,0.0016944830592822147,Slight or No change
2019-10-11,1215.71,1224.03,1228.75,1213.64,1130000.0,10,2019,1373752300.0,0.005159284645340545,Slight or No change
2019-10-10,1209.47,1198.6,1215.62,1197.86,668240.0,10,2019,808216232.8000001,0.005879906852960692,Slight or No change
2019-10-09,1202.4,1201.33,1208.46,1198.12,813220.0,10,2019,977815728.0000001,0.010309798089284339,Slight or No change
2019-10-08,1190.13,1198.77,1206.87,1189.48,1030000.0,10,2019,1225833900.0,-0.014996896337678423,Slight or No change
2019-10-07,1208.25,1207.0,1218.91,1204.36,879020.0,10,2019,1062075915.0,-0.002237893902358512,Slight or No change
2019-10-04,1210.96,1194.29,1212.46,1190.97,1230000.0,10,2019,1489480800.0,0.018101107253053916,Slight or No change
2019-10-03,1189.43,1183.34,1191.0,1163.14,1470000.0,10,2019,1748462100.0,0.00977146155935893,Slight or No change
2019-10-02,1177.92,1196.5,1198.76,1172.63,1670000.0,10,2019,1967126400.0000002,-0.02328358208955217,Slight or No change
2019-10-01,1206.0,1222.49,1232.86,1205.55,1280000.0,10,2019,1543680000.0,-0.012398250814812495,Slight or No change
2019-09-30,1221.14,1220.6,1227.4,1213.42,1290000.0,9,2019,1575270600.0000002,-0.003923487907337098,Slight or No change
2019-09-27,1225.95,1242.83,1244.99,1215.2,1720000.0,9,2019,2108634000.0,-0.013153128496566802,Slight or No change
2019-09-26,1242.29,1242.14,1244.67,1231.82,1170000.0,9,2019,1453479300.0,-0.0029295150649309987,Slight or No change
2019-09-25,1245.94,1216.01,1248.02,1209.2,1360000.0,9,2019,1694478400.0,0.022662168706343966,Slight or No change
2019-09-24,1218.33,1240.0,1247.11,1210.64,1840000.0,9,2019,2241727200.0,-0.01325028954636398,Slight or No change
2019-09-23,1234.69,1226.57,1239.68,1223.78,1200000.0,9,2019,1481628000.0,0.0039436024198271635,Slight or No change
2019-09-20,1229.84,1233.64,1242.8,1223.58,1940000.0,9,2019,2385889600.0,-0.007192734611503604,Slight or No change
2019-09-19,1238.75,1232.32,1244.34,1232.31,847000.0,9,2019,1049221250.0,0.004948687786476169,Slight or No change
2019-09-18,1232.65,1230.24,1236.24,1216.47,892790.0,9,2019,1100497593.5,0.0022522522522523403,Slight or No change
2019-09-17,1229.88,1231.63,1235.0,1223.35,1050000.0,9,2019,1291374000.0,-0.001420881271161023,Slight or No change
2019-09-16,1231.63,1230.44,1239.02,1225.19,1410000.0,9,2019,1736598300.0000002,-0.006774029660572611,Slight or No change
2019-09-13,1240.03,1232.11,1241.05,1227.08,1180000.0,9,2019,1463235400.0,0.004097265520619953,Slight or No change
2019-09-12,1234.97,1223.47,1242.41,1222.56,1580000.0,9,2019,1951252600.0,0.012270491803278771,Slight or No change
2019-09-11,1220.0,1203.89,1222.47,1202.28,1180000.0,9,2019,1439600000.0,0.011860330098697913,Slight or No change
2019-09-10,1205.7,1196.09,1210.0,1196.01,1400000.0,9,2019,1687980000.0,0.0003567665336399184,Slight or No change
2019-09-09,1205.27,1207.08,1220.55,1193.17,1590000.0,9,2019,1916379300.0,-0.0008704158100669712,Slight or No change
2019-09-06,1206.32,1209.14,1212.94,1203.26,948580.0,9,2019,1144291025.6,-0.004842475189533069,Slight or No change
2019-09-05,1212.19,1193.66,1214.0,1192.69,1320000.0,9,2019,1600090800.0,0.025307247921371623,Slight or No change
2019-09-04,1182.27,1179.45,1184.88,1171.53,1070000.0,9,2019,1265028900.0,0.010875977940233428,Slight or No change
2019-09-03,1169.55,1181.85,1189.08,1163.71,1300000.0,9,2019,1520415000.0,-0.017622403467363323,Slight or No change
2019-08-30,1190.53,1200.35,1200.35,1185.72,903380.0,8,2019,1075500991.3999999,-0.003106578242229374,Slight or No change
2019-08-29,1194.24,1186.42,1199.19,1185.28,982100.0,8,2019,1172863104.0,0.017456869009584652,Slight or No change
2019-08-28,1173.75,1164.87,1178.5,1160.25,840830.0,8,2019,986924212.5,0.0025025196016468243,Slight or No change
2019-08-27,1170.82,1183.0,1185.0,1164.56,1170000.0,8,2019,1369859400.0,-0.0003073822981950469,Slight or No change
2019-08-26,1171.18,1159.45,1171.86,1154.85,1060000.0,8,2019,1241450800.0,0.015256852580662006,Slight or No change
2019-08-23,1153.58,1185.17,1195.67,1150.0,1810000.0,8,2019,2087979799.9999998,-0.03184168121391173,Slight or No change
2019-08-22,1191.52,1193.8,1198.78,1178.91,867920.0,8,2019,1034144038.4,-5.035331240865748e-05,Slight or No change
2019-08-21,1191.58,1195.82,1200.56,1187.92,708270.0,8,2019,843960366.5999999,0.0068016864802751265,Slight or No change
2019-08-20,1183.53,1195.35,1198.0,1183.05,1010000.0,8,2019,1195365300.0,-0.014086501616074165,Slight or No change
2019-08-19,1200.44,1191.83,1209.39,1190.4,1220000.0,8,2019,1464536800.0,0.018003578667073805,Slight or No change
2019-08-16,1179.21,1180.79,1183.84,1173.0,1270000.0,8,2019,1497596700.0,0.008457907159716838,Slight or No change
2019-08-15,1169.32,1168.43,1176.42,1163.0,1430000.0,8,2019,1672127600.0,0.0043547348078161185,Slight or No change
2019-08-14,1164.25,1176.07,1182.79,1161.07,1770000.0,8,2019,2060722500.0,-0.027140624869435914,Slight or No change
2019-08-13,1196.73,1174.35,1205.43,1172.99,1430000.0,8,2019,1711323900.0,0.01892720306513418,Slight or No change
2019-08-12,1174.5,1180.0,1185.61,1168.72,1100000.0,8,2019,1291950000.0,-0.012112036336109133,Slight or No change
2019-08-09,1188.9,1199.99,1204.46,1184.89,1020000.0,8,2019,1212678000.0,-0.014334391762491738,Slight or No change
2019-08-08,1206.19,1186.43,1206.28,1174.0,1510000.0,8,2019,1821346900.0,0.025750270003656706,Slight or No change
2019-08-07,1175.91,1157.8,1179.87,1150.84,1530000.0,8,2019,1799142300.0000002,0.004124397991597695,Slight or No change
2019-08-06,1171.08,1165.52,1181.4,1161.53,1800000.0,8,2019,2107943999.9999998,0.014141589088547235,Slight or No change
2019-08-05,1154.75,1172.97,1176.88,1142.75,2390000.0,8,2019,2759852500.0,-0.03474822789888987,Slight or No change
2019-08-02,1196.32,1203.0,1209.5,1190.0,1750000.0,8,2019,2093560000.0,-0.012758091402729876,Slight or No change
2019-08-01,1211.78,1217.63,1236.3,1207.0,1770000.0,8,2019,2144850600.0,-0.005270070595961296,Slight or No change
2019-07-31,1218.2,1224.87,1234.91,1208.18,2000000.0,7,2019,2436400000.0,-0.007980456026058569,Slight or No change
2019-07-30,1228.0,1227.0,1236.91,1225.32,1430000.0,7,2019,1756040000.0,-0.011144752947239489,Slight or No change
2019-07-29,1241.84,1242.5,1248.99,1230.2,2069999.9999999998,7,2019,2570608799.9999995,-0.0027143797883105725,Slight or No change
2019-07-26,1245.22,1228.0,1268.39,1228.0,6060000.0,7,2019,7546033200.0,0.09620226420409517,Slight or No change
2019-07-25,1135.94,1138.95,1143.59,1123.71,2740000.0,7,2019,3112475600.0,-0.0033253489861633234,Slight or No change
2019-07-24,1139.73,1132.62,1145.45,1128.51,1360000.0,7,2019,1550032800.0,-0.007247071120595749,Slight or No change
2019-07-23,1148.05,1143.45,1148.86,1132.85,1030000.0,7,2019,1182491500.0,0.007759763344773907,Slight or No change
2019-07-22,1139.21,1135.47,1140.02,1125.21,1450000.0,7,2019,1651854500.0,0.006769475498210387,Slight or No change
2019-07-19,1131.55,1149.32,1151.58,1131.25,1160000.0,7,2019,1312598000.0,-0.013676301384191625,Slight or No change
2019-07-18,1147.24,1142.0,1148.17,1132.86,1270000.0,7,2019,1456994800.0,0.00043601862671582836,Slight or No change
2019-07-17,1146.74,1150.92,1158.44,1146.62,976890.0,7,2019,1120238838.6,-0.005825949751183446,Slight or No change
2019-07-16,1153.46,1146.73,1158.58,1146.73,1270000.0,7,2019,1464894200.0,0.00256408027744226,Slight or No change
2019-07-15,1150.51,1145.34,1150.68,1140.0,1060000.0,7,2019,1219540600.0,0.0045139434578378435,Slight or No change
2019-07-12,1145.34,1142.93,1147.5,1138.56,1090000.0,7,2019,1248420600.0,0.0011013215859030367,Slight or No change
2019-07-11,1144.08,1146.16,1153.24,1139.53,1300000.0,7,2019,1487304000.0,0.002778483841845425,Slight or No change
2019-07-10,1140.91,1132.32,1142.34,1130.66,1540000.0,7,2019,1757001400.0000002,0.01478266283610119,Slight or No change
2019-07-09,1124.29,1110.32,1127.86,1107.15,1470000.0,7,2019,1652706300.0,0.0067156761790487796,Slight or No change
2019-07-08,1116.79,1125.87,1127.21,1111.76,1490000.0,7,2019,1664017100.0,-0.014011265516571725,Slight or No change
2019-07-05,1132.66,1119.37,1134.65,1117.5,1490000.0,7,2019,1687663400.0000002,0.008610940435801018,Slight or No change
2019-07-03,1122.99,1118.5,1127.99,1114.85,1010000.0,7,2019,1134219900.0,0.009338486428186243,Slight or No change
2019-07-02,1112.6,1104.83,1112.89,1099.67,1030000.0,7,2019,1145978000.0,0.011454545454545384,Slight or No change
2019-07-01,1100.0,1101.04,1108.59,1095.33,1460000.0,7,2019,1606000000.0,0.015884743258219425,Slight or No change
2019-06-28,1082.8,1077.23,1082.8,1073.8,1680000.0,6,2019,1819104000.0,0.005730845322905687,Slight or No change
2019-06-27,1076.63,1086.75,1088.46,1075.85,1200000.0,6,2019,1291956000.0000002,-0.003415654620852915,Slight or No change
2019-06-26,1080.32,1091.0,1095.12,1073.69,1730000.0,6,2019,1868953600.0,-0.006675371007190289,Slight or No change
2019-06-25,1087.58,1115.08,1115.7,1084.6,1580000.0,6,2019,1718376400.0,-0.026076833527357457,Slight or No change
2019-06-24,1116.7,1120.0,1123.57,1113.31,1210000.0,6,2019,1351207000.0,-0.007704132862969337,Slight or No change
2019-06-21,1125.37,1109.86,1126.57,1109.72,2540000.0,6,2019,2858439799.9999995,0.010932446999640577,Slight or No change
2019-06-20,1113.2,1121.7,1122.72,1107.0,1200000.0,6,2019,1335840000.0,0.007867742256747468,Slight or No change
2019-06-19,1104.51,1107.24,1109.43,1096.03,1340000.0,6,2019,1480043400.0,-0.0006604900293148974,Slight or No change
2019-06-18,1105.24,1111.5,1118.78,1100.79,1730000.0,6,2019,1912065200.0,0.010375814752854318,Slight or No change
2019-06-17,1093.89,1089.1,1101.28,1088.0,988490.0,6,2019,1081299326.1000001,0.006987020160176938,Slight or No change
2019-06-14,1086.3,1089.74,1094.76,1081.48,1230000.0,6,2019,1336149000.0,-0.004317100668188245,Slight or No change
2019-06-13,1091.01,1084.71,1096.59,1082.57,1040000.0,6,2019,1134650400.0,0.011036975257158854,Slight or No change
2019-06-12,1079.1,1079.95,1082.52,1069.6,1180000.0,6,2019,1273338000.0,-0.0017945681935913615,Slight or No change
2019-06-11,1081.04,1096.99,1104.01,1079.57,1680000.0,6,2019,1816147200.0,-0.0015885330082382465,Slight or No change
2019-06-10,1082.76,1077.0,1094.84,1075.28,1430000.0,6,2019,1548346800.0,0.013469116504581935,Slight or No change
2019-06-07,1068.37,1054.28,1073.43,1051.15,2190000.0,6,2019,2339730299.9999995,0.01967053523707718,Slight or No change
2019-06-06,1047.76,1046.21,1050.0,1035.51,1450000.0,6,2019,1519252000.0,0.0029866748353499784,Slight or No change
2019-06-05,1044.64,1055.0,1056.81,1033.0,2350000.0,6,2019,2454904000.0,-0.009341008449582189,Slight or No change
2019-06-04,1054.49,1044.49,1058.44,1036.03,3030000.0,6,2019,3195104700.0,0.015162600843329432,Slight or No change
2019-06-03,1038.74,1066.93,1067.0,1027.03,4840000.0,6,2019,5027501600.0,-0.061238138273836396,Slight or No change
2019-05-31,1106.5,1105.64,1113.4,1103.35,1580000.0,5,2019,1748270000.0,-0.013295761585860766,Slight or No change
2019-05-30,1121.41,1120.15,1126.8,1115.9,904420.0,5,2019,1014225632.2,0.001312570316266859,Slight or No change
2019-05-29,1119.94,1132.7,1135.0,1111.95,1810000.0,5,2019,2027091400.0,-0.01721717153989255,Slight or No change
2019-05-28,1139.56,1141.48,1156.49,1138.67,1050000.0,5,2019,1196538000.0,0.0008343506556240943,Slight or No change
2019-05-24,1138.61,1152.0,1154.36,1136.71,927650.0,5,2019,1056231566.4999999,-0.005875984423839187,Slight or No change
2019-05-23,1145.34,1146.07,1150.05,1133.16,1260000.0,5,2019,1443128400.0,-0.009092875373101994,Slight or No change
2019-05-22,1155.85,1151.25,1163.78,1151.0,941280.0,5,2019,1087978488.0,0.0012213714008522114,Slight or No change
2019-05-21,1154.44,1154.48,1158.0,1143.31,1030000.0,5,2019,1189073200.0,0.008544021805601654,Slight or No change
2019-05-20,1144.66,1153.0,1153.0,1138.13,1530000.0,5,2019,1751329800.0000002,-0.02063690343777258,Slight or No change
2019-05-17,1168.78,1175.83,1186.29,1166.42,1270000.0,5,2019,1484350600.0,-0.013271422541156652,Slight or No change
2019-05-16,1184.5,1171.84,1194.16,1168.45,1770000.0,5,2019,2096565000.0,0.011701400751622959,Slight or No change
2019-05-15,1170.8,1122.55,1178.3,1121.4,2970000.0,5,2019,3477276000.0,0.040840637946055525,Slight or No change
2019-05-14,1124.86,1142.32,1144.87,1123.53,2020000.0,5,2019,2272217200.0,-0.01032034418743788,Slight or No change
2019-05-13,1136.59,1145.24,1151.97,1125.5,2280000.0,5,2019,2591425200.0,-0.026592100304888677,Slight or No change
2019-05-10,1167.64,1168.84,1176.28,1146.37,1580000.0,5,2019,1844871200.0000002,-0.0002825415036344925,Slight or No change
2019-05-09,1167.97,1162.6,1174.07,1154.64,1480000.0,5,2019,1728595600.0,-0.0024001093288235076,Slight or No change
2019-05-08,1170.78,1177.29,1184.27,1167.63,1280000.0,5,2019,1498598400.0,-0.006854079364809973,Slight or No change
2019-05-07,1178.86,1185.81,1194.77,1165.0,1830000.0,5,2019,2157313800.0,-0.012233338360732815,Slight or No change
2019-05-06,1193.46,1172.0,1195.43,1171.15,1590000.0,5,2019,1897601400.0,0.0032869572527427504,Slight or No change
2019-05-03,1189.55,1177.41,1191.4,1173.55,2080000.0,5,2019,2474264000.0,0.01975122373575866,Slight or No change
2019-05-02,1166.51,1172.6,1179.38,1158.33,2250000.0,5,2019,2624647500.0,-0.005804043227763955,Slight or No change
2019-05-01,1173.32,1197.5,1199.25,1171.67,3720000.0,5,2019,4364750400.0,-0.02138520050710624,Slight or No change
2019-04-30,1198.96,1190.63,1200.98,1183.0,6660000.0,4,2019,7985073600.0,-0.0750192871470452,Slight or No change
2019-04-29,1296.2,1280.51,1296.97,1271.71,3620000.0,4,2019,4692244000.0,0.014701507726511132,Slight or No change
2019-04-26,1277.42,1273.38,1278.91,1265.0,1360000.0,4,2019,1737291200.0,0.00795366673505149,Slight or No change
2019-04-25,1267.34,1270.3,1272.8,1258.0,1570000.0,4,2019,1989723799.9999998,0.0057854847029878975,Slight or No change
2019-04-24,1260.05,1270.59,1274.0,1259.81,1170000.0,4,2019,1474258500.0,-0.008295358849038648,Slight or No change
2019-04-23,1270.59,1256.64,1274.43,1251.97,1590000.0,4,2019,2020238099.9999998,0.013423621745788594,Slight or No change
2019-04-22,1253.76,1236.67,1254.34,1233.37,954420.0,4,2019,1196613619.2,0.009899554560319546,Slight or No change
2019-04-18,1241.47,1245.0,1245.94,1239.41,1240000.0,4,2019,1539422800.0,0.0010724595610172027,Slight or No change
2019-04-17,1240.14,1237.0,1245.1,1232.9,1520000.0,4,2019,1885012800.0000002,0.006680682842090668,Slight or No change
2019-04-16,1231.91,1230.0,1235.98,1225.04,1130000.0,4,2019,1392058300.0,0.004386358262741252,Slight or No change
2019-04-15,1226.53,1224.09,1229.3,1214.56,1190000.0,4,2019,1459570700.0,0.0031077997595543305,Slight or No change
2019-04-12,1222.73,1215.62,1223.05,1213.29,1220000.0,4,2019,1491730600.0,0.010863185046172674,Slight or No change
2019-04-11,1209.59,1208.9,1212.74,1204.54,849950.0,4,2019,1028091020.4999999,0.0026026772763063644,Slight or No change
2019-04-10,1206.45,1205.09,1208.94,1200.66,775460.0,4,2019,935553717.0,0.003126325154445553,Slight or No change
2019-04-09,1202.69,1201.89,1207.15,1198.38,983840.0,4,2019,1183254529.6000001,-0.004626411096765537,Slight or No change
2019-04-08,1208.28,1211.11,1213.95,1204.69,1090000.0,4,2019,1317025200.0,-0.002616698997069733,Slight or No change
2019-04-05,1211.45,1219.3,1220.39,1210.03,1000000.0,4,2019,1211450000.0,-0.006560334577063398,Slight or No change
2019-04-04,1219.45,1211.29,1220.55,1209.04,1050000.0,4,2019,1280422500.0,0.007135719064097712,Slight or No change
2019-04-03,1210.81,1212.7,1220.6,1205.08,1110000.0,4,2019,1343999100.0,0.004371484977686357,Slight or No change
2019-04-02,1205.54,1200.05,1205.81,1191.24,914410.0,4,2019,1102357831.3999999,0.005471317286360078,Slight or No change
2019-04-01,1198.98,1187.54,1200.2,1186.36,1390000.0,4,2019,1666582200.0,0.01876980856324706,Slight or No change
2019-03-29,1176.89,1180.18,1183.97,1166.38,1540000.0,3,2019,1812410600.0000002,0.003941071596134105,Slight or No change
2019-03-28,1172.27,1175.5,1177.25,1163.43,1120000.0,3,2019,1312942400.0,-0.004872624171271878,Slight or No change
2019-03-27,1178.01,1191.92,1191.92,1164.23,1470000.0,3,2019,1731674700.0,-0.009942513279096343,Slight or No change
2019-03-26,1189.84,1205.19,1207.65,1181.76,1540000.0,3,2019,1832353599.9999998,-0.006297081962284512,Slight or No change
2019-03-25,1197.38,1199.56,1209.44,1190.0,1380000.0,3,2019,1652384400.0000002,-0.00850411957106778,Slight or No change
2019-03-22,1207.65,1228.85,1233.63,1206.0,1720000.0,3,2019,2077158000.0000002,-0.023039647933469798,Slight or No change
2019-03-21,1236.13,1220.0,1236.44,1216.58,1410000.0,3,2019,1742943300.0000002,0.007909134642825055,Slight or No change
2019-03-20,1226.43,1201.4,1229.99,1199.59,2080000.0,3,2019,2550974400.0,0.019934135023202515,Slight or No change
2019-03-19,1202.46,1191.72,1203.4,1189.46,1490000.0,3,2019,1791665400.0,0.011703335997644171,Slight or No change
2019-03-18,1188.55,1189.69,1194.95,1181.48,1220000.0,3,2019,1450031000.0,-0.0014702175922036709,Slight or No change
2019-03-15,1190.3,1198.0,1201.72,1187.01,2590000.0,3,2019,3082877000.0,-0.00186997392099153,Slight or No change
2019-03-14,1192.53,1199.02,1204.7,1191.23,1370000.0,3,2019,1633766100.0,-0.005445932647240359,Slight or No change
2019-03-13,1199.06,1205.93,1207.12,1197.91,1290000.0,3,2019,1546787400.0,0.0015117978701189028,Slight or No change
2019-03-12,1197.25,1182.3,1205.71,1182.3,2110000.0,3,2019,2526197500.0,0.015255329613486523,Slight or No change
2019-03-11,1179.26,1152.0,1179.91,1151.57,1500000.0,3,2019,1768890000.0,0.025470229658165033,Slight or No change
2019-03-08,1149.97,1133.9,1153.45,1130.2,1180000.0,3,2019,1356964600.0,-0.0007646522135811296,Slight or No change
2019-03-07,1150.85,1160.5,1163.58,1141.71,1500000.0,3,2019,1726274999.9999998,-0.012095043521554882,Slight or No change
2019-03-06,1164.94,1171.76,1174.74,1163.05,1180000.0,3,2019,1374629200.0,-0.00363499516759469,Slight or No change
2019-03-05,1169.19,1156.0,1176.49,1153.02,2000000.0,3,2019,2338380000.0,0.013672383000121302,Slight or No change
2019-03-04,1153.42,1154.56,1165.52,1138.25,1770000.0,3,2019,2041553400.0000002,0.0042663601852819255,Slight or No change
2019-03-01,1148.52,1131.0,1150.0,1131.0,1700000.0,3,2019,1952484000.0,0.019502019439882945,Slight or No change
2019-02-28,1126.55,1119.0,1133.99,1118.41,1370000.0,2,2019,1543373500.0,0.003259446606524108,Slight or No change
2019-02-27,1122.89,1114.01,1125.73,1108.56,1100000.0,2,2019,1235179000.0,0.0007843067352342192,Slight or No change
2019-02-26,1122.01,1114.37,1126.43,1106.7,1750000.0,2,2019,1963517500.0,0.004188556648438757,Slight or No change
2019-02-25,1117.33,1121.93,1125.4,1114.11,1310000.0,2,2019,1463702300.0,0.0006896181127749035,Slight or No change
2019-02-22,1116.56,1109.7,1117.25,1100.5,1470000.0,2,2019,1641343200.0,0.011184466722815367,Slight or No change
2019-02-21,1104.21,1118.78,1119.15,1097.98,1660000.0,2,2019,1832988600.0,-0.01461729981527582,Slight or No change
2019-02-20,1120.59,1128.88,1130.93,1111.75,1200000.0,2,2019,1344708000.0,-0.005255168618121475,Slight or No change
2019-02-19,1126.51,1116.64,1129.64,1116.64,1100000.0,2,2019,1239161000.0,0.006144887150219214,Slight or No change
2019-02-15,1119.63,1139.3,1139.3,1116.72,1390000.0,2,2019,1556285700.0000002,-0.008475026567481336,Slight or No change
2019-02-14,1129.2,1125.0,1136.13,1117.09,1060000.0,2,2019,1196952000.0,0.0005050370803540982,Slight or No change
2019-02-13,1128.63,1133.04,1142.85,1126.0,1400000.0,2,2019,1580082000.0000002,0.0009311977864099319,Slight or No change
2019-02-12,1127.58,1111.01,1132.86,1111.01,1750000.0,2,2019,1973264999.9999998,0.023100932747795122,Slight or No change
2019-02-11,1102.12,1103.75,1113.43,1100.0,924880.0,2,2019,1019328745.5999999,-0.00023585333551068288,Slight or No change
2019-02-08,1102.38,1094.88,1105.1,1094.24,1090000.0,2,2019,1201594200.0,-0.0031919414780587907,Slight or No change
2019-02-07,1105.91,1111.82,1111.99,1093.59,1910000.0,2,2019,2112288100.0000002,-0.015121694912235362,Slight or No change
2019-02-06,1122.89,1149.27,1154.0,1118.36,2410000.0,2,2019,2706164900.0000005,-0.02515908913332221,Slight or No change
2019-02-05,1151.87,1129.63,1152.77,1123.6,4110000.0000000005,2,2019,4734185700.0,0.009155262742899017,Slight or No change
2019-02-04,1141.42,1119.01,1142.34,1117.51,3920000.0,2,2019,4474366400.0,0.020382256709159607,Slight or No change
2019-02-01,1118.62,1122.29,1134.4,1114.25,1660000.0,2,2019,1856909199.9999998,-0.006457113927648583,Slight or No change
2019-01-31,1125.89,1112.24,1127.67,1105.25,2009999.9999999998,1,2019,2263038900.0,0.025410067486953514,Slight or No change
2019-01-30,1097.99,1077.36,1099.52,1076.64,1470000.0,1,2019,1614045300.0,0.026101340111769566,Slight or No change
2019-01-29,1070.06,1081.04,1084.73,1066.02,985250.0,1,2019,1054276615.0,-0.009075250495434561,Slight or No change
2019-01-28,1079.86,1090.07,1093.37,1074.61,1470000.0,1,2019,1587394199.9999998,-0.01965483745040908,Slight or No change
2019-01-25,1101.51,1094.23,1103.36,1091.8,1160000.0,1,2019,1277751600.0,0.01615313653136541,Slight or No change
2019-01-24,1084.0,1082.51,1088.0,1070.02,1460000.0,1,2019,1582640000.0,-0.0003780857793639347,Slight or No change
2019-01-23,1084.41,1086.86,1092.95,1067.57,1260000.0,1,2019,1366356600.0,0.005358649397847248,Slight or No change
2019-01-22,1078.63,1096.0,1098.97,1070.89,1980000.0,1,2019,2135687400.0000002,-0.025891808904542457,Slight or No change
2019-01-18,1107.3,1108.59,1118.0,1099.28,2240000.0,1,2019,2480352000.0,0.007442317490355954,Slight or No change
2019-01-17,1099.12,1087.99,1100.7,1083.26,1240000.0,1,2019,1362908799.9999998,0.008820478930895437,Slight or No change
2019-01-16,1089.51,1090.0,1102.36,1088.01,1910000.0,1,2019,2080964100.0,0.002761134273959742,Slight or No change
2019-01-15,1086.51,1058.01,1088.27,1054.44,1880000.0,1,2019,2042638800.0,0.033285465663664526,Slight or No change
2019-01-14,1051.51,1053.34,1058.45,1048.55,1420000.0,1,2019,1493144200.0,-0.012175073041043927,Slight or No change
2019-01-11,1064.47,1069.9,1073.37,1056.43,1540000.0,1,2019,1639283800.0,-0.013310716238888354,Slight or No change
2019-01-10,1078.83,1074.94,1079.81,1064.68,1330000.0,1,2019,1434843900.0,-0.0026071279988907348,Slight or No change
2019-01-09,1081.65,1087.99,1091.64,1074.37,1350000.0,1,2019,1460227500.0000002,-0.0034274026368885657,Slight or No change
2019-01-08,1085.37,1086.0,1093.35,1068.35,1770000.0,1,2019,1921104899.9999998,0.00878318090564334,Slight or No change
2019-01-07,1075.92,1080.97,1082.7,1062.64,2370000.0,1,2019,2549930400.0,-0.0019943046369900186,Slight or No change
2019-01-04,1078.07,1042.56,1080.0,1036.86,2300000.0,1,2019,2479561000.0,0.05129355319999607,Slight or No change
2019-01-03,1025.47,1050.67,1066.26,1022.37,2100000.0,1,2019,2153487000.0,-0.02769560435392726,Slight or No change
2019-01-02,1054.68,1027.2,1060.79,1025.28,1590000.0,1,2019,1676941200.0,0.009301791456132413,Slight or No change
2018-12-31,1044.96,1057.83,1062.99,1033.04,1660000.0,12,2018,1734633600.0,-0.0016432911682654483,Slight or No change
2018-12-28,1046.68,1059.5,1064.23,1042.0,1720000.0,12,2018,1800289600.0,-0.005907493589134782,Slight or No change
2018-12-27,1052.9,1026.2,1053.34,1007.0,2300000.0,12,2018,2421670000.0,0.004819392088562413,Slight or No change
2018-12-26,1047.85,997.99,1048.45,992.64,2320000.0,12,2018,2431012000.0,0.06416362842373591,Slight or No change
2018-12-24,984.67,984.32,1012.12,977.66,1820000.0,12,2018,1792099400.0,-0.006638083228247216,Slight or No change
2018-12-21,991.25,1032.04,1037.67,981.19,5230000.0,12,2018,5184237500.0,-0.03158522050059598,Slight or No change
2018-12-20,1023.58,1026.0,1047.44,1007.86,2680000.0,12,2018,2743194400.0,-0.011473161686593403,Slight or No change
2018-12-19,1035.46,1047.29,1075.71,1019.43,2910000.0,12,2018,3013188600.0,-0.007619248425834613,Slight or No change
2018-12-18,1043.41,1034.0,1059.69,1030.48,2180000.0,12,2018,2274633800.0,0.017315848486325836,Slight or No change
2018-12-17,1025.65,1047.01,1062.38,1016.63,2500000.0,12,2018,2564125000.0,-0.02477869374637487,Slight or No change
2018-12-14,1051.71,1060.02,1071.72,1049.37,1820000.0,12,2018,1914112200.0,-0.020334593960169123,Slight or No change
2018-12-13,1073.54,1075.67,1088.42,1064.99,1250000.0,12,2018,1341925000.0,-0.00017695323777866534,Slight or No change
2018-12-12,1073.73,1077.08,1091.73,1071.97,1450000.0,12,2018,1556908500.0,0.01137851457636696,Slight or No change
2018-12-11,1061.65,1066.94,1070.4,1050.1,1690000.0,12,2018,1794188500.0000002,0.008042309956512783,Slight or No change
2018-12-10,1053.18,1042.94,1059.6,1033.0,1680000.0,12,2018,1769342400.0,0.006306254658029031,Slight or No change
2018-12-07,1046.58,1072.23,1085.03,1039.37,2130000.0,12,2018,2229215400.0,-0.029218610863757766,Slight or No change
2018-12-06,1078.08,1045.0,1079.42,1042.48,2370000.0,12,2018,2555049600.0,0.014692179543893014,Slight or No change
2018-12-04,1062.47,1112.99,1114.24,1060.78,2280000.0,12,2018,2422431600.0,-0.04827295854383884,Slight or No change
2018-12-03,1116.36,1132.16,1135.0,1111.73,2880000.0,12,2018,3215116799.9999995,0.006046951741540019,Slight or No change
2018-11-30,1109.65,1095.63,1109.65,1083.18,2980000.0,11,2018,3306757000.0000005,0.01376783789215974,Slight or No change
2018-11-29,1094.58,1083.53,1100.15,1082.0,1550000.0,11,2018,1696599000.0,0.0025554364850381983,Slight or No change
2018-11-28,1091.79,1057.46,1092.86,1042.95,2300000.0,11,2018,2511117000.0,0.037547040711597646,Slight or No change
2018-11-27,1052.28,1051.34,1066.76,1045.5,1650000.0,11,2018,1736262000.0,-0.0034661060287517476,Slight or No change
2018-11-26,1055.94,1044.0,1057.0,1039.77,1580000.0,11,2018,1668385200.0,0.02508494320939736,Slight or No change
2018-11-23,1030.1,1033.5,1043.0,1028.52,708860.0,11,2018,730196685.9999999,-0.012775174185139515,Slight or No change
2018-11-21,1043.43,1045.31,1054.7,1039.45,1490000.0,11,2018,1554710700.0,0.012596438449221203,Slight or No change
2018-11-20,1030.45,1007.29,1037.35,1002.21,2720000.0,11,2018,2802824000.0,0.0029491347258181477,Slight or No change
2018-11-19,1027.42,1063.39,1068.0,1022.87,2280000.0,11,2018,2342517600.0,-0.03823939640727525,Slight or No change
2018-11-16,1068.27,1065.23,1072.44,1054.9,1770000.0,11,2018,1890837900.0,-0.002595583772933119,Slight or No change
2018-11-15,1071.05,1051.46,1078.87,1041.29,2080000.0,11,2018,2227784000.0,0.01561759183750877,Slight or No change
2018-11-14,1054.58,1060.0,1065.79,1041.11,1730000.0,11,2018,1824423399.9999998,0.006307432464669693,Slight or No change
2018-11-13,1047.97,1054.81,1066.66,1040.4,1290000.0,11,2018,1351881300.0,-0.0013246169093541482,Slight or No change
2018-11-12,1049.36,1073.13,1074.1,1040.35,1700000.0,11,2018,1783911999.9999998,-0.02568197433659547,Slight or No change
2018-11-09,1077.02,1084.02,1088.35,1064.26,1740000.0,11,2018,1874014800.0,-0.016087627782903957,Slight or No change
2018-11-08,1094.63,1107.3,1108.22,1084.36,1690000.0,11,2018,1849924700.0000002,-0.012280733415144685,Slight or No change
2018-11-07,1108.24,1083.49,1109.93,1080.59,2170000.0,11,2018,2404880800.0,0.036154716381349594,Slight or No change
2018-11-06,1069.57,1055.02,1079.82,1053.61,1430000.0,11,2018,1529485100.0,0.013109412444469726,Slight or No change
2018-11-05,1055.73,1072.53,1073.35,1034.0,2270000.0,11,2018,2396507100.0,-0.0147084900465706,Slight or No change
2018-11-02,1071.49,1089.0,1098.0,1067.66,2170000.0,11,2018,2325133300.0,-0.013342787159984493,Slight or No change
2018-11-01,1085.98,1091.4,1099.9,1077.82,2009999.9999999998,11,2018,2182819800.0,-0.004217939078288491,Slight or No change
2018-10-31,1090.58,1068.2,1108.0,1068.2,3550000.0,10,2018,3871558999.9999995,0.03913254756981832,Slight or No change
2018-10-30,1049.51,1020.01,1050.9,1013.97,2990000.0,10,2018,3138034900.0,0.014283919476578477,Slight or No change
2018-10-29,1034.73,1096.54,1108.83,1007.2,4059999.9999999995,10,2018,4201003799.9999995,-0.0452318339100346,Slight or No change
2018-10-26,1083.75,1048.33,1117.0,1042.23,5320000.0,10,2018,5765550000.0,-0.017977690990313322,Slight or No change
2018-10-25,1103.59,1080.3,1117.82,1075.55,3650000.0,10,2018,4028103499.9999995,0.04395905857423954,Slight or No change
2018-10-24,1057.12,1115.0,1116.62,1055.06,2460000.0,10,2018,2600515199.9999995,-0.051833780305136856,Slight or No change
2018-10-23,1114.91,1091.29,1118.0,1079.01,1880000.0,10,2018,2096030800.0000002,0.0031852578349247374,Slight or No change
2018-10-22,1111.37,1112.51,1121.69,1100.0,1360000.0,10,2018,1511463199.9999998,0.005600897591342413,Slight or No change
2018-10-19,1105.18,1103.71,1120.95,1097.03,2060000.0,10,2018,2276670800.0,0.006621672086054353,Slight or No change
2018-10-18,1097.91,1130.0,1132.35,1086.34,2310000.0,10,2018,2536172100.0,-0.026321623994536858,Slight or No change
2018-10-17,1127.59,1140.0,1147.0,1114.0,1780000.0,10,2018,2007110199.9999998,-0.004845200691919405,Slight or No change
2018-10-16,1133.08,1113.48,1136.37,1111.75,1920000.0,10,2018,2175513600.0,0.027792895758499192,Slight or No change
2018-10-15,1102.44,1118.0,1121.8,1098.22,1500000.0,10,2018,1653660000.0,-0.01615292626769227,Slight or No change
2018-10-12,1120.54,1119.64,1125.83,1095.03,2470000.0,10,2018,2767733800.0,0.027320901406384657,Slight or No change
2018-10-11,1090.74,1079.04,1116.06,1075.89,3380000.0,10,2018,3686701200.0,-0.0013001757984179019,Slight or No change
2018-10-10,1092.16,1136.4,1137.02,1091.51,2950000.0,10,2018,3221872000.0000005,-0.046290070469886535,Slight or No change
2018-10-09,1145.17,1151.31,1161.55,1144.17,1680000.0,10,2018,1923885600.0000002,-0.009299951553740748,Slight or No change
2018-10-08,1155.92,1160.0,1175.86,1135.4,2310000.0,10,2018,2670175200.0,-0.010198402164698472,Slight or No change
2018-10-05,1167.83,1176.0,1182.0,1154.32,1590000.0,10,2018,1856849700.0,-0.007850000424783565,Slight or No change
2018-10-04,1177.07,1205.03,1205.9,1163.85,2330000.0,10,2018,2742573100.0,-0.028443373255305326,Slight or No change
2018-10-03,1211.53,1212.0,1214.18,1202.15,1310000.0,10,2018,1587104300.0,0.003221158623430753,Slight or No change
2018-10-02,1207.64,1206.67,1224.52,1199.66,2009999.9999999998,10,2018,2427356400.0,-0.0007364318635034728,Slight or No change
2018-10-01,1208.53,1213.0,1224.2,1203.19,1660000.0,10,2018,2006159800.0,0.0012012459820394117,Slight or No change
2018-09-28,1207.08,1204.09,1208.45,1197.83,1780000.0,9,2018,2148602400.0,-0.0002319109461966784,Slight or No change
2018-09-27,1207.36,1200.0,1216.86,1198.05,1810000.0,9,2018,2185321600.0,0.011138468753663977,Slight or No change
2018-09-26,1194.06,1193.69,1207.24,1185.4,1880000.0,9,2018,2244832800.0,0.00014239167762508664,Slight or No change
2018-09-25,1193.89,1184.25,1196.86,1174.09,1660000.0,9,2018,1981857400.0000002,0.012148597782223991,Slight or No change
2018-09-24,1179.56,1159.41,1185.19,1151.5,1560000.0,9,2018,1840113600.0,0.006347472954987499,Slight or No change
2018-09-21,1172.12,1194.92,1196.58,1172.06,4560000.0,9,2018,5344867199.999999,-0.016323002425371658,Slight or No change
2018-09-20,1191.57,1180.67,1194.0,1176.25,1460000.0,9,2018,1739692200.0,0.014732557248333,Slight or No change
2018-09-19,1174.27,1168.96,1176.27,1158.62,1300000.0,9,2018,1526551000.0,0.006134811628724091,Slight or No change
2018-09-18,1167.11,1162.66,1181.33,1161.42,1620000.0,9,2018,1890718199.9999998,0.0062767819421811755,Slight or No change
2018-09-17,1159.83,1177.77,1181.82,1158.45,1700000.0,9,2018,1971710999.9999998,-0.015407731879997999,Slight or No change
2018-09-14,1177.98,1188.0,1188.0,1173.52,1210000.0,9,2018,1425355800.0,-0.003519041737865325,Slight or No change
2018-09-13,1182.14,1179.7,1187.86,1169.22,2000000.0,9,2018,2364280000.0,0.00899624445203151,Slight or No change
2018-09-12,1171.6,1182.0,1190.69,1166.16,1790000.0,9,2018,2097163999.9999998,-0.015453911377406593,Slight or No change
2018-09-11,1189.99,1171.1,1190.94,1165.95,1460000.0,9,2018,1737385400.0,0.012705734175276318,Slight or No change
2018-09-10,1175.06,1184.2,1186.66,1170.61,1380000.0,9,2018,1621582800.0,-0.002148455744359179,Slight or No change
2018-09-07,1177.59,1172.0,1188.55,1169.27,1630000.0,9,2018,1919471699.9999998,-0.005405451059552924,Slight or No change
2018-09-06,1183.99,1198.57,1198.99,1163.61,2340000.0,9,2018,2770536600.0,-0.0126011175047952,Slight or No change
2018-09-05,1199.1,1209.22,1214.87,1175.34,2700000.0,9,2018,3237569999.9999995,-0.010079996037347994,Slight or No change
2018-09-04,1211.31,1222.52,1227.87,1206.56,2069999.9999999998,9,2018,2507411699.9999995,-0.01663419386264009,Slight or No change
2018-08-31,1231.8,1252.21,1252.55,1225.75,2120000.0,8,2018,2611416000.0,-0.018047893880934973,Slight or No change
2018-08-30,1254.44,1263.4,1269.49,1247.21,1510000.0,8,2018,1894204400.0,-0.00807337998655755,Slight or No change
2018-08-29,1264.65,1255.0,1267.17,1252.8,1850000.0,8,2018,2339602500.0,0.015081951423113527,Slight or No change
2018-08-28,1245.86,1255.9,1256.56,1242.97,1370000.0,8,2018,1706828199.9999998,-0.008286435240832057,Slight or No change
2018-08-27,1256.27,1244.14,1257.87,1240.68,1430000.0,8,2018,1796466100.0,0.01578330301192632,Slight or No change
2018-08-24,1236.75,1226.0,1237.4,1221.42,1220000.0,8,2018,1508835000.0,0.012766549837859076,Slight or No change
2018-08-23,1221.16,1219.88,1235.17,1219.35,1230000.0,8,2018,1502026800.0,-0.00048291385307952517,Slight or No change
2018-08-22,1221.75,1214.22,1226.53,1213.22,1110000.0,8,2018,1356142500.0,0.003564945252626517,Slight or No change
2018-08-21,1217.41,1223.02,1232.76,1215.03,1150000.0,8,2018,1400021500.0,-0.0037153729694340276,Slight or No change
2018-08-20,1221.95,1220.66,1225.91,1208.7,1110000.0,8,2018,1356364500.0,0.005017066249948687,Slight or No change
2018-08-17,1215.85,1222.04,1226.95,1204.0,1650000.0,8,2018,2006152499.9999998,-0.006707187556165617,Slight or No change
2018-08-16,1224.06,1241.99,1243.7,1219.63,1610000.0,8,2018,1970736600.0,-0.006622194088718003,Slight or No change
2018-08-15,1232.22,1244.28,1251.98,1226.24,1850000.0,8,2018,2279607000.0,-0.02060184081262817,Slight or No change
2018-08-14,1258.14,1252.5,1260.59,1239.54,1400000.0,8,2018,1761396000.0000002,0.007608277806253172,Slight or No change
2018-08-13,1248.64,1251.2,1265.97,1247.03,1380000.0,8,2018,1723123200.0000002,-0.003089795690253916,Slight or No change
2018-08-10,1252.51,1259.18,1261.2,1247.16,1330000.0,8,2018,1665838300.0,-0.009450674596270359,Slight or No change
2018-08-09,1264.46,1262.73,1271.96,1260.1,1370000.0,8,2018,1732310200.0,0.002481507614978007,Slight or No change
2018-08-08,1261.33,1256.72,1271.72,1252.12,1720000.0,8,2018,2169487600.0,0.004371575996942267,Slight or No change
2018-08-07,1255.84,1252.01,1266.08,1251.8,2130000.0,8,2018,2674939200.0,0.014680811524881321,Slight or No change
2018-08-06,1237.67,1241.61,1242.46,1230.53,1110000.0,8,2018,1373813700.0,-0.00039574853007684485,Slight or No change
2018-08-03,1238.16,1245.18,1246.52,1229.42,1060000.0,8,2018,1312449600.0,-0.0023929805902686008,Slight or No change
2018-08-02,1241.13,1218.5,1244.41,1218.06,1740000.0,8,2018,2159566200.0,0.0066018378089036656,Slight or No change
2018-08-01,1232.99,1239.11,1245.9,1224.94,1850000.0,8,2018,2281031500.0,0.004701683479734653,Slight or No change
2018-07-31,1227.22,1231.71,1241.21,1216.19,1970000.0,7,2018,2417623400.0,-0.0022926083704594147,Slight or No change
2018-07-30,1230.04,1245.05,1252.89,1224.17,2190000.0,7,2018,2693787600.0,-0.018237834127497354,Slight or No change
2018-07-27,1252.89,1289.12,1291.44,1244.49,2420000.0,7,2018,3031993800.0000005,-0.025367561260210003,Slight or No change
2018-07-26,1285.5,1267.18,1287.4,1263.0,2730000.0,7,2018,3509415000.0,0.007492515322037097,Slight or No change
2018-07-25,1275.94,1252.62,1278.24,1249.05,2580000.0,7,2018,3291925200.0,0.01413980844891305,Slight or No change
2018-07-24,1258.15,1271.0,1275.0,1244.14,5380000.0,7,2018,6768847000.000001,0.03893476465730816,Slight or No change
2018-07-23,1211.0,1195.66,1215.1,1192.01,3270000.0,7,2018,3959970000.0,0.01095268307342967,Slight or No change
2018-07-20,1197.88,1199.24,1210.77,1196.59,1900000.0,7,2018,2275972000.0,-0.0010174297389706766,Slight or No change
2018-07-19,1199.1,1206.65,1216.48,1197.73,1920000.0,7,2018,2302272000.0,-0.011385840664187907,Slight or No change
2018-07-18,1212.91,1208.53,1221.59,1204.56,1950000.0,7,2018,2365174500.0,-0.0001401391499322724,Slight or No change
2018-07-17,1213.08,1182.74,1218.76,1182.0,2009999.9999999998,7,2018,2438290799.9999995,0.013848609706563098,Slight or No change
2018-07-16,1196.51,1203.81,1208.71,1193.4,1340000.0,7,2018,1603323400.0,-0.0065674764616995285,Slight or No change
2018-07-13,1204.42,1202.8,1210.44,1195.29,1630000.0,7,2018,1963204600.0,0.0026305712335381592,Slight or No change
2018-07-12,1201.26,1174.86,1201.99,1173.1,2210000.0,7,2018,2654784600.0,0.02543834189814409,Slight or No change
2018-07-11,1171.46,1155.62,1180.44,1155.37,1660000.0,7,2018,1944623600.0,0.0037013554500744394,Slight or No change
2018-07-10,1167.14,1169.99,1173.5,1162.56,1070000.0,7,2018,1248839800.0,-0.00011993694743328565,Slight or No change
2018-07-09,1167.28,1160.0,1167.93,1157.23,1080000.0,7,2018,1260662400.0,0.010562038992970146,Slight or No change
2018-07-06,1155.08,1141.77,1156.2,1137.24,1090000.0,7,2018,1259037200.0,0.012082818564957076,Slight or No change
2018-07-05,1141.29,1124.6,1144.14,1123.12,1430000.0,7,2018,1632044700.0,0.022404772996022393,Slight or No change
2018-07-03,1116.28,1149.42,1149.91,1114.43,822390.0,7,2018,918017509.1999999,-0.02261603523303357,Slight or No change
2018-07-02,1142.11,1115.35,1142.99,1106.6,1160000.0,7,2018,1324847600.0,0.011441829984324858,Slight or No change
2018-06-29,1129.19,1132.31,1141.36,1127.02,1580000.0,6,2018,1784120200.0,0.002138838105042673,Slight or No change
2018-06-28,1126.78,1112.39,1134.0,1106.07,1490000.0,6,2018,1678902200.0,0.008809783873797938,Slight or No change
2018-06-27,1116.94,1136.0,1146.21,1116.7,1730000.0,6,2018,1932306200.0,-0.013844007698963323,Slight or No change
2018-06-26,1132.62,1144.14,1146.87,1129.0,1730000.0,6,2018,1959432599.9999998,-0.0058457973456921275,Slight or No change
2018-06-25,1139.28,1155.0,1155.99,1119.9,2880000.0,6,2018,3281126400.0,-0.025665147226094476,Slight or No change
2018-06-22,1169.29,1171.49,1175.0,1159.65,1710000.0,6,2018,1999485900.0,-0.00012826652072794875,Slight or No change
2018-06-21,1169.44,1185.51,1190.33,1163.48,2250000.0,6,2018,2631240000.0,-0.012355688430582545,Slight or No change
2018-06-20,1184.07,1183.3,1201.49,1182.03,2580000.0,6,2018,3054900600.0,0.004564389279623882,Slight or No change
2018-06-19,1178.69,1170.11,1182.81,1161.61,2360000.0,6,2018,2781708400.0,-0.004131533145203425,Slight or No change
2018-06-18,1183.58,1152.69,1184.13,1151.0,1650000.0,6,2018,1952906999.9999998,0.020970093248337207,Slight or No change
2018-06-15,1159.27,1159.92,1163.91,1153.69,2220000.0,6,2018,2573579400.0,-0.0007240692692933592,Slight or No change
2018-06-14,1160.11,1152.21,1165.99,1150.6,1770000.0,6,2018,2053394699.9999998,0.013878328657699779,Slight or No change
2018-06-13,1144.23,1152.28,1155.64,1143.38,1720000.0,6,2018,1968075600.0,-0.0034489065398584096,Slight or No change
2018-06-12,1148.19,1141.02,1148.75,1141.02,1300000.0,6,2018,1492647000.0,0.006389692348146125,Slight or No change
2018-06-11,1140.9,1132.94,1147.74,1131.4,1240000.0,6,2018,1414716000.0,0.007230447334269252,Slight or No change
2018-06-08,1132.71,1131.21,1138.78,1123.23,1360000.0,6,2018,1540485600.0,-0.001507378219707034,Slight or No change
2018-06-07,1134.42,1144.58,1145.87,1126.12,1810000.0,6,2018,2053300200.0000002,-0.01092462618248391,Slight or No change
2018-06-06,1146.95,1152.77,1154.71,1136.32,1750000.0,6,2018,2007162500.0,-0.003535994161700029,Slight or No change
2018-06-05,1151.02,1154.66,1161.1,1147.46,1650000.0,6,2018,1899183000.0,-0.0017518906542703938,Slight or No change
2018-06-04,1153.04,1138.5,1157.86,1137.0,2240000.0,6,2018,2582809600.0,0.015894273127753378,Slight or No change
2018-06-01,1135.0,1112.87,1138.16,1112.01,3160000.0,6,2018,3586600000.0,0.031818181818181746,Slight or No change
2018-05-31,1100.0,1082.0,1110.0,1078.0,3970000.0,5,2018,4367000000.0,0.020910094944638802,Slight or No change
2018-05-30,1077.47,1073.48,1078.99,1066.55,1430000.0,5,2018,1540782100.0,0.008800921287930752,Slight or No change
2018-05-29,1068.07,1076.0,1081.34,1063.08,1800000.0,5,2018,1922526000.0,-0.01476828278355835,Slight or No change
2018-05-25,1084.08,1086.55,1089.57,1082.6,1110000.0,5,2018,1203328800.0,-0.0012621493389839422,Slight or No change
2018-05-24,1085.45,1086.9,1087.12,1072.3,1030000.0,5,2018,1118013500.0,-0.00046963055729487557,Slight or No change
2018-05-23,1085.96,1070.0,1088.0,1066.96,1190000.0,5,2018,1292292400.0,0.009904120672178385,Slight or No change
2018-05-22,1075.31,1089.8,1091.8,1072.26,1110000.0,5,2018,1193594100.0,-0.008025756219961155,Slight or No change
2018-05-21,1084.01,1079.0,1093.3,1078.0,1260000.0,5,2018,1365852600.0,0.013434426536030664,Slight or No change
2018-05-18,1069.64,1066.0,1073.73,1064.68,1770000.0,5,2018,1893262800.0000002,-0.010746721417605243,Slight or No change
2018-05-17,1081.26,1081.46,1091.0,1076.42,1290000.0,5,2018,1394825400.0,-0.0026104843693788293,Slight or No change
2018-05-16,1084.09,1085.09,1094.38,1081.63,1280000.0,5,2018,1387635200.0,-0.0007189801543041607,Slight or No change
2018-05-15,1084.87,1096.9,1099.12,1078.78,1790000.0,5,2018,1941917299.9999998,-0.019636725103921893,Slight or No change
2018-05-14,1106.6,1105.57,1118.15,1104.8,1970000.0,5,2018,2180002000.0,0.0029183055701569316,Slight or No change
2018-05-11,1103.38,1100.41,1109.01,1097.22,1530000.0,5,2018,1688171400.0000002,-0.0018905985689343652,Slight or No change
2018-05-10,1105.47,1095.0,1109.41,1093.88,1820000.0,5,2018,2011955400.0,0.015170577161485843,Slight or No change
2018-05-09,1088.95,1064.1,1094.0,1062.11,2360000.0,5,2018,2569922000.0,0.028679658791411322,Slight or No change
2018-05-08,1058.59,1064.62,1065.23,1051.64,1300000.0,5,2018,1376167000.0,-0.0008211730504220638,Slight or No change
2018-05-07,1059.46,1053.89,1065.0,1050.27,1720000.0,5,2018,1822271200.0,0.008049476688867685,Slight or No change
2018-05-04,1051.0,1019.61,1051.88,1018.05,1840000.0,5,2018,1933840000.0,0.02406703692877321,Slight or No change
2018-05-03,1026.3,1025.37,1030.69,1007.89,1960000.0,5,2018,2011548000.0,0.00024365284342864335,Slight or No change
2018-05-02,1026.05,1034.0,1043.98,1023.16,1730000.0,5,2018,1775066500.0,-0.014124429497958224,Slight or No change
2018-05-01,1040.75,1016.3,1041.73,1010.61,1770000.0,5,2018,1842127500.0,0.021765595240432756,Slight or No change
2018-04-30,1018.58,1034.42,1038.37,1018.3,1720000.0,4,2018,1751957600.0,-0.012477580105676456,Slight or No change
2018-04-27,1031.45,1045.54,1051.69,1027.59,2040000.0,4,2018,2104158000.0,-0.011367666369535345,Slight or No change
2018-04-26,1043.31,1033.22,1052.02,1020.45,2550000.0,4,2018,2660440500.0,0.019863341772646814,Slight or No change
2018-04-25,1022.99,1029.75,1036.07,1017.01,2890000.0,4,2018,2956441100.0,0.0003422514276774091,Slight or No change
2018-04-24,1022.64,1059.2,1064.49,1012.86,6410000.0,4,2018,6555122400.0,-0.04765275048658513,Slight or No change
2018-04-23,1073.81,1082.98,1088.0,1066.68,3480000.0,4,2018,3736858800.0,-0.00325808487728807,Slight or No change
2018-04-20,1077.32,1084.27,1094.75,1072.1,2120000.0,4,2018,2283918400.0,-0.011134058469870256,Slight or No change
2018-04-19,1089.45,1069.02,1097.51,1069.02,1990000.0,4,2018,2168005500.0,0.013074326523400792,Slight or No change
2018-04-18,1075.39,1079.01,1082.0,1070.52,1560000.0,4,2018,1677608400.0000002,-0.0036781055440259225,Slight or No change
2018-04-17,1079.36,1061.2,1085.0,1057.09,2730000.0,4,2018,2946652799.9999995,0.03179428352929925,Slight or No change
2018-04-16,1046.1,1045.55,1051.43,1033.92,1490000.0,4,2018,1558688999.9999998,0.009710049805026877,Slight or No change
2018-04-13,1036.04,1046.89,1052.98,1030.15,1270000.0,4,2018,1315770800.0,-0.0012050631935138778,Slight or No change
2018-04-12,1037.29,1031.47,1044.65,1026.05,1640000.0,4,2018,1701155600.0,0.011931008916551189,Slight or No change
2018-04-11,1025.06,1032.0,1035.87,1019.2,1700000.0,4,2018,1742602000.0,-0.011037144235407692,Slight or No change
2018-04-10,1036.5,1030.26,1041.21,1015.41,1840000.0,4,2018,1907160000.0,0.01608681586918803,Slight or No change
2018-04-09,1020.09,1020.04,1044.59,1019.2,1660000.0,4,2018,1693349400.0,0.010040100995098777,Slight or No change
2018-04-06,1009.95,1023.1,1036.0,1006.25,2009999.9999999998,4,2018,2029999499.9999998,-0.021972807561202456,Slight or No change
2018-04-05,1032.64,1046.39,1046.71,1024.0,1790000.0,4,2018,1848425600.0000002,0.0028454613434851783,Slight or No change
2018-04-04,1029.71,998.23,1032.74,996.51,2540000.0,4,2018,2615463400.0,0.01082773785683444,Slight or No change
2018-04-03,1018.68,1016.15,1025.0,997.25,2570000.0,4,2018,2618007600.0,0.005974541540345379,Slight or No change
2018-04-02,1012.63,1027.62,1039.53,994.25,3250000.0,4,2018,3291047500.0,-0.02363229650770393,Slight or No change
2018-03-29,1037.14,1011.21,1048.05,1004.04,3470000.0,3,2018,3598875800.0000005,0.03179530034421707,Slight or No change
2018-03-28,1005.18,1001.91,1024.99,984.0,3880000.0,3,2018,3900098400.0,-0.001747869783701228,Slight or No change
2018-03-27,1006.94,1063.9,1064.54,997.62,3040000.0,3,2018,3061097600.0,-0.044730525856425785,Slight or No change
2018-03-26,1054.09,1050.6,1059.27,1010.58,3300000.0,3,2018,3478496999.9999995,0.026827723929667258,Slight or No change
2018-03-23,1026.55,1051.37,1066.78,1024.87,2490000.0,3,2018,2556109500.0,-0.025257560651379296,Slight or No change
2018-03-22,1053.15,1080.01,1083.92,1049.64,3470000.0,3,2018,3654430500.0000005,-0.037340036563071166,Slight or No change
2018-03-21,1094.0,1092.57,1108.7,1087.21,2240000.0,3,2018,2450560000.0,-0.0016426355174301577,Slight or No change
2018-03-20,1095.8,1098.4,1105.55,1082.42,2730000.0,3,2018,2991534000.0,-0.0038815711727435698,Slight or No change
2018-03-19,1100.07,1117.76,1119.37,1088.92,3180000.0,3,2018,3498222600.0,-0.030279790553763286,Slight or No change
2018-03-16,1134.42,1155.35,1156.81,1131.36,2930000.0,3,2018,3323850600.0,-0.014070797229295606,Slight or No change
2018-03-15,1150.61,1149.57,1162.5,1135.66,1670000.0,3,2018,1921518699.9999998,0.0014970971981649317,Slight or No change
2018-03-14,1148.89,1145.8,1159.76,1142.35,2089999.9999999998,3,2018,2401180100.0,0.007877814915212555,Slight or No change
2018-03-13,1139.91,1171.83,1178.0,1134.57,2160000.0,3,2018,2462205600.0,-0.0223169487018946,Slight or No change
2018-03-12,1165.93,1165.05,1178.16,1159.2,2220000.0,3,2018,2588364600.0,0.004384755866441603,Slight or No change
2018-03-09,1160.84,1139.5,1161.0,1134.29,2130000.0,3,2018,2472589200.0,0.027855991783102052,Slight or No change
2018-03-08,1129.38,1117.2,1131.44,1117.2,1690000.0,3,2018,1908652200.0000002,0.01286052518295322,Slight or No change
2018-03-07,1115.04,1092.82,1116.2,1089.91,1540000.0,3,2018,1717161600.0,0.01284403669724754,Slight or No change
2018-03-06,1100.9,1102.1,1105.63,1094.5,1170000.0,3,2018,1288053000.0,0.005608535204063125,Slight or No change
2018-03-05,1094.76,1078.13,1101.18,1072.27,1430000.0,3,2018,1565506800.0,0.009795782832475508,Slight or No change
2018-03-02,1084.14,1057.98,1086.89,1050.11,2510000.0,3,2018,2721191400.0000005,0.01188153928001423,Slight or No change
2018-03-01,1071.41,1109.54,1111.27,1067.29,2770000.0,3,2018,2967805700.0,-0.029449597796941784,Slight or No change
2018-02-28,1103.92,1122.0,1127.65,1103.0,2460000.0,2,2018,2715643200.0,-0.012160965002550261,Slight or No change
2018-02-27,1117.51,1143.7,1144.25,1116.79,2150000.0,2,2018,2402646500.0,-0.022899361720731037,Slight or No change
2018-02-26,1143.7,1131.86,1144.2,1129.34,1550000.0,2,2018,1772735000.0,0.013837548422555024,Slight or No change
2018-02-23,1128.09,1118.66,1129.0,1108.44,1260000.0,2,2018,1421393400.0,0.016388863861608982,Slight or No change
2018-02-22,1109.9,1119.17,1125.46,1105.15,1400000.0,2,2018,1553860000.0000002,-0.0034567901234566767,Slight or No change
2018-02-21,1113.75,1109.1,1136.2,1107.51,2069999.9999999998,2,2018,2305462499.9999995,0.009206317563587918,Slight or No change
2018-02-20,1103.59,1092.76,1116.29,1090.0,1690000.0,2,2018,1865067099.9999998,0.007384755819260569,Slight or No change
2018-02-16,1095.5,1093.38,1108.31,1091.55,2000000.0,2,2018,2191000000.0,0.003793432048086798,Slight or No change
2018-02-15,1091.36,1083.45,1094.1,1067.23,1870000.0,2,2018,2040843199.9999998,0.01739535750908905,Slight or No change
2018-02-14,1072.7,1054.32,1075.47,1049.8,2069999.9999999998,2,2018,2220489000.0,0.017606769499307395,Slight or No change
2018-02-13,1054.14,1050.0,1061.22,1046.92,1580000.0,2,2018,1665541200.0000002,-0.0003982703686844502,Slight or No change
2018-02-12,1054.56,1056.67,1065.57,1045.49,2810000.0,2,2018,2963313600.0,0.007923384977109205,Slight or No change
2018-02-09,1046.27,1025.88,1051.72,997.0,4920000.0,2,2018,5147648400.0,0.03826497702712084,Slight or No change
2018-02-08,1007.71,1059.87,1063.93,1004.7,3340000.0,2,2018,3365751400.0,-0.04519570593418676,Slight or No change
2018-02-07,1055.41,1084.97,1086.53,1054.62,2600000.0,2,2018,2744066000.0,-0.026760602344088613,Slight or No change
2018-02-06,1084.43,1033.98,1087.38,1030.01,3830000.0,2,2018,4153366900.0000005,0.020745677199521806,Slight or No change
2018-02-05,1062.39,1100.61,1114.99,1056.74,4179999.9999999995,2,2018,4440790200.0,-0.050759471050750515,Slight or No change
2018-02-02,1119.2,1127.42,1131.3,1111.17,5890000.0,2,2018,6592088000.0,-0.052801733257728856,Slight or No change
2018-02-01,1181.59,1175.99,1187.45,1169.36,3680000.0,2,2018,4348251200.0,-0.0005328957385258848,Slight or No change
2018-01-31,1182.22,1183.81,1186.32,1172.1,1800000.0,1,2018,2127996000.0,0.00411935075634684,Slight or No change
2018-01-30,1177.37,1177.72,1187.93,1174.51,1870000.0,1,2018,2201681900.0,-0.0076781740948015376,Slight or No change
2018-01-29,1186.48,1188.0,1198.0,1184.06,1570000.0,1,2018,1862773600.0,-0.0009094277341775703,Slight or No change
2018-01-26,1187.56,1187.53,1187.56,1168.03,2110000.0,1,2018,2505751600.0,0.00458490534116085,Slight or No change
2018-01-25,1182.14,1180.71,1185.0,1171.84,1500000.0,1,2018,1773210000.0000002,0.0092632909014847,Slight or No change
2018-01-24,1171.29,1184.98,1187.05,1167.4,1860000.0,1,2018,2178599400.0,-0.004149060084851719,Slight or No change
2018-01-23,1176.17,1170.62,1178.51,1167.25,1960000.0,1,2018,2305293200.0,0.010316451346893851,Slight or No change
2018-01-22,1164.16,1143.82,1166.88,1141.82,1480000.0,1,2018,1722956800.0000002,0.018067337122868565,Slight or No change
2018-01-19,1143.5,1138.03,1143.78,1132.5,1530000.0,1,2018,1749555000.0,0.0066286961803567745,Slight or No change
2018-01-18,1135.97,1139.35,1140.59,1124.46,1370000.0,1,2018,1556278900.0,-0.0027477833377226313,Slight or No change
2018-01-17,1139.1,1136.36,1139.32,1123.49,1390000.0,1,2018,1583348999.9999998,0.007429026266914107,Slight or No change
2018-01-16,1130.7,1140.31,1148.88,1126.66,1820000.0,1,2018,2057874000.0,4.422234997569774e-05,Slight or No change
2018-01-12,1130.65,1110.1,1131.3,1108.01,1930000.0,1,2018,2182154500.0,0.01672586664268705,Slight or No change
2018-01-11,1112.05,1112.31,1114.85,1106.48,1120000.0,1,2018,1245496000.0,0.001720503720251454,Slight or No change
2018-01-10,1110.14,1107.0,1112.78,1103.98,1040000.0,1,2018,1154545600.0,-0.002381401702028163,Slight or No change
2018-01-09,1112.79,1118.44,1118.44,1108.2,1340000.0,1,2018,1491138600.0,-0.001274445571301741,Slight or No change
2018-01-08,1114.21,1111.0,1119.16,1110.0,1230000.0,1,2018,1370478300.0,0.003530609120139916,Slight or No change
2018-01-05,1110.29,1103.45,1113.58,1101.8,1510000.0,1,2018,1676537900.0,0.013260202964152645,Slight or No change
2018-01-04,1095.76,1097.09,1104.08,1094.26,1300000.0,1,2018,1424488000.0,0.003884491351509922,Slight or No change
2018-01-03,1091.52,1073.93,1096.1,1073.43,1570000.0,1,2018,1713686400.0,0.01706096663281187,Slight or No change
2018-01-02,1073.21,1053.02,1075.98,1053.02,1590000.0,1,2018,1706403900.0,0.018805771786595704,Slight or No change
2017-12-29,1053.4,1055.49,1058.05,1052.7,1180000.0,12,2017,1243012000.0,-0.002414887068516447,Slight or No change
2017-12-28,1055.95,1062.25,1064.84,1053.38,994250.0,12,2017,1049878287.5,-0.004008677607998501,Slight or No change
2017-12-27,1060.2,1066.6,1068.27,1058.38,1120000.0,12,2017,1187424000.0,-0.00530093352723171,Slight or No change
2017-12-26,1065.85,1068.64,1068.86,1058.64,918770.0,12,2017,979271004.4999999,-0.0028160844263982465,Slight or No change
2017-12-22,1068.86,1070.0,1071.72,1067.64,889450.0,12,2017,950697526.9999999,-0.0018583368352244056,Slight or No change
2017-12-21,1070.85,1075.39,1077.52,1069.0,1280000.0,12,2017,1370688000.0,-0.0025243116360520457,Slight or No change
2017-12-20,1073.56,1080.92,1081.23,1068.6,1440000.0,12,2017,1545926400.0,-0.005760432680731231,Slight or No change
2017-12-19,1079.78,1083.02,1084.97,1072.27,1320000.0,12,2017,1425309600.0,-0.004893603295579085,Slight or No change
2017-12-18,1085.09,1076.45,1086.49,1070.37,1510000.0,12,2017,1638485899.9999998,0.012210820895522279,Slight or No change
2017-12-15,1072.0,1063.78,1075.25,1060.09,3190000.0,12,2017,3419680000.0,0.013740342515626836,Slight or No change
2017-12-14,1057.47,1055.49,1067.08,1053.6,1550000.0,12,2017,1639078500.0,0.005782820837177294,Slight or No change
2017-12-13,1051.39,1052.08,1055.48,1046.58,1380000.0,12,2017,1450918200.0000002,0.0024981645165289557,Slight or No change
2017-12-12,1048.77,1050.0,1062.5,1044.87,1690000.0,12,2017,1772421300.0,-0.003041911841592526,Slight or No change
2017-12-11,1051.97,1051.11,1056.0,1044.12,1160000.0,12,2017,1220285200.0,0.0024681240351445144,Slight or No change
2017-12-08,1049.38,1051.81,1056.42,1045.86,1560000.0,12,2017,1637032800.0000002,0.004604765597327365,Slight or No change
2017-12-07,1044.57,1036.07,1048.92,1035.36,1540000.0,12,2017,1608637800.0,0.01147455263769448,Slight or No change
2017-12-06,1032.72,1016.52,1039.58,1015.31,1440000.0,12,2017,1487116800.0,0.012867791290702257,Slight or No change
2017-12-05,1019.6,1010.99,1036.68,1002.32,1950000.0,12,2017,1988220000.0,0.007639321256683207,Slight or No change
2017-12-04,1011.87,1027.8,1031.34,1009.22,1940000.0,12,2017,1963027800.0,-0.012877169364043373,Slight or No change
2017-12-01,1025.07,1030.41,1037.24,1016.9,1890000.0,12,2017,1937382299.9999998,-0.010712527867049015,Slight or No change
2017-11-30,1036.17,1039.94,1044.14,1030.07,2250000.0,11,2017,2331382500.0,-0.0011663999691531313,Slight or No change
2017-11-29,1037.38,1056.18,1058.77,1029.65,2790000.0,11,2017,2894290200.0000005,-0.024367764203556797,Slight or No change
2017-11-28,1063.29,1073.99,1080.0,1054.54,1820000.0,11,2017,1935187800.0,-0.008134252478988135,Slight or No change
2017-11-27,1072.01,1058.57,1073.04,1054.77,1770000.0,11,2017,1897457700.0,0.014661341006322548,Slight or No change
2017-11-24,1056.52,1054.39,1060.07,1051.92,825370.0,11,2017,872019912.4,0.00437295611833588,Slight or No change
2017-11-22,1051.92,1051.16,1055.43,1047.25,726900.0,11,2017,764640648.0,0.0015424164524422412,Slight or No change
2017-11-21,1050.3,1040.04,1050.39,1039.14,1110000.0,11,2017,1165833000.0,0.015116076778845189,Slight or No change
2017-11-20,1034.66,1036.0,1038.69,1032.67,876320.0,11,2017,906693251.2,-0.0011873847609302768,Slight or No change
2017-11-17,1035.89,1049.8,1051.0,1033.73,1340000.0,11,2017,1388092600.0000002,-0.011998435815998465,Slight or No change
2017-11-16,1048.47,1038.75,1051.76,1038.0,1190000.0,11,2017,1247679300.0,0.011636321532983995,Slight or No change
2017-11-15,1036.41,1035.0,1039.63,1030.76,905260.0,11,2017,938220516.6,-0.005020928535770519,Slight or No change
2017-11-14,1041.64,1037.72,1042.3,1029.33,1050000.0,11,2017,1093722000.0,0.0004225893200153763,Slight or No change
2017-11-13,1041.2,1040.8,1048.74,1039.26,940720.0,11,2017,979477664.0,-0.0028252645692669054,Slight or No change
2017-11-10,1044.15,1043.87,1046.63,1041.22,972130.0,11,2017,1015049539.5000001,-0.0034073989233763813,Slight or No change
2017-11-09,1047.72,1048.0,1050.88,1035.85,1790000.0,11,2017,1875418800.0,-0.009987810524525353,Slight or No change
2017-11-08,1058.29,1050.05,1062.69,1047.05,1210000.0,11,2017,1280530900.0,0.005606286642784397,Slight or No change
2017-11-07,1052.39,1049.65,1053.41,1043.0,1310000.0,11,2017,1378630900.0000002,0.009312540760348265,Slight or No change
2017-11-06,1042.68,1049.1,1052.59,1042.0,914750.0,11,2017,953791530.0,-0.0069619710663910706,Slight or No change
2017-11-03,1049.99,1042.75,1050.66,1037.65,1390000.0,11,2017,1459486100.0,0.00673077845000325,Slight or No change
2017-11-02,1042.97,1039.99,1045.52,1028.66,1330000.0,11,2017,1387150100.0,0.0003548820257051055,Slight or No change
2017-11-01,1042.6,1036.32,1047.86,1034.0,2160000.0,11,2017,2252016000.0,0.009254239913265572,Slight or No change
2017-10-31,1033.04,1033.0,1041.0,1026.3,1520000.0,10,2017,1570220800.0,-8.711391596427642e-05,Slight or No change
2017-10-30,1033.13,1029.16,1039.83,1022.33,2340000.0,10,2017,2417524200.0000005,-0.0005224104404694119,Slight or No change
2017-10-27,1033.67,1030.99,1063.62,1026.85,5180000.0,10,2017,5354410600.0,0.04261564221016334,Slight or No change
2017-10-26,991.42,998.47,1006.51,990.47,2370000.0,10,2017,2349665400.0,-4.034454239210117e-05,Slight or No change
2017-10-25,991.46,986.27,994.43,977.72,1530000.0,10,2017,1516933800.0,0.0,Slight or No change
