Date,Close Price,Open Price,High Price,Low Price,Total Traded Quantity,Month,Year,priceXvol,Day_Perc_Change,Trend,typical,ma14,standardDeviation
2017-10-25,991.46,986.27,994.43,977.72,1530000.0,10,2017,1516933800.0,0.0,Slight or No change,987.87,0.0,0.0
2017-10-26,991.42,998.47,1006.51,990.47,2370000.0,10,2017,2349665400.0,-4.0344542392101175e-05,Slight or No change,996.1333333333333,0.0,0.0
2017-10-27,1033.67,1030.99,1063.62,1026.85,5180000.0,10,2017,5354410600.0,0.04261564221016334,Slight or No change,1041.3799999999999,0.0,0.0
2017-10-30,1033.13,1029.16,1039.83,1022.33,2340000.0,10,2017,2417524200.0000005,-0.0005224104404694119,Slight or No change,1031.7633333333333,0.0,0.0
2017-10-31,1033.04,1033.0,1041.0,1026.3,1520000.0,10,2017,1570220800.0,-8.711391596427642e-05,Slight or No change,1033.4466666666667,0.0,0.0
2017-11-01,1042.6,1036.32,1047.86,1034.0,2160000.0,11,2017,2252016000.0,0.009254239913265572,Slight or No change,1041.4866666666665,0.0,0.0
2017-11-02,1042.97,1039.99,1045.52,1028.66,1330000.0,11,2017,1387150100.0,0.0003548820257051055,Slight or No change,1039.0500000000002,0.0,0.0
2017-11-03,1049.99,1042.75,1050.66,1037.65,1390000.0,11,2017,1459486100.0,0.00673077845000325,Slight or No change,1046.1000000000001,0.0,0.0
2017-11-06,1042.68,1049.1,1052.59,1042.0,914750.0,11,2017,953791530.0,-0.006961971066391071,Slight or No change,1045.756666666667,0.0,0.0
2017-11-07,1052.39,1049.65,1053.41,1043.0,1310000.0,11,2017,1378630900.0000002,0.009312540760348265,Slight or No change,1049.6000000000001,0.0,0.0
2017-11-08,1058.29,1050.05,1062.69,1047.05,1210000.0,11,2017,1280530900.0,0.005606286642784397,Slight or No change,1056.01,0.0,0.0
2017-11-09,1047.72,1048.0,1050.88,1035.85,1790000.0,11,2017,1875418800.0,-0.009987810524525352,Slight or No change,1044.8166666666666,0.0,0.0
2017-11-10,1044.15,1043.87,1046.63,1041.22,972130.0,11,2017,1015049539.5,-0.003407398923376381,Slight or No change,1044.0000000000002,0.0,0.0
2017-11-13,1041.2,1040.8,1048.74,1039.26,940720.0,11,2017,979477664.0,-0.002825264569266905,Slight or No change,1043.0666666666666,1035.7485714285715,19.556655924891473
2017-11-14,1041.64,1037.72,1042.3,1029.33,1050000.0,11,2017,1093722000.0,0.0004225893200153763,Slight or No change,1037.756666666667,1039.3119047619045,13.883937328831426
2017-11-15,1036.41,1035.0,1039.63,1030.76,905260.0,11,2017,938220516.6,-0.005020928535770519,Slight or No change,1035.6000000000001,1042.1309523809523,6.469211689062617
2017-11-16,1048.47,1038.75,1051.76,1038.0,1190000.0,11,2017,1247679300.0,0.011636321532983995,Slight or No change,1046.0766666666668,1042.4664285714287,6.548565376169305
2017-11-17,1035.89,1049.8,1051.0,1033.73,1340000.0,11,2017,1388092600.0000002,-0.011998435815998463,Slight or No change,1040.2066666666667,1043.0695238095238,5.837190791553897
2017-11-20,1034.66,1036.0,1038.69,1032.67,876320.0,11,2017,906693251.2,-0.0011873847609302768,Slight or No change,1035.3400000000001,1043.204761904762,5.6147913196206005
2017-11-21,1050.3,1040.04,1050.39,1039.14,1110000.0,11,2017,1165833000.0,0.015116076778845187,Slight or No change,1046.61,1043.5707142857145,5.660968655382371
2017-11-22,1051.92,1051.16,1055.43,1047.25,726900.0,11,2017,764640648.0,0.0015424164524422412,Slight or No change,1051.5333333333335,1044.4623809523812,5.873282608206038
2017-11-24,1056.52,1054.39,1060.07,1051.92,825370.0,11,2017,872019912.4,0.00437295611833588,Slight or No change,1056.1699999999998,1045.1816666666668,6.653999215175994
2017-11-27,1072.01,1058.57,1073.04,1054.77,1770000.0,11,2017,1897457700.0,0.014661341006322546,Slight or No change,1066.6066666666666,1046.6709523809525,8.784744491181558
2017-11-28,1063.29,1073.99,1080.0,1054.54,1820000.0,11,2017,1935187800.0,-0.008134252478988134,Slight or No change,1065.9433333333334,1047.8383333333334,10.17916052404958
2017-11-29,1037.38,1056.18,1058.77,1029.65,2790000.0,11,2017,2894290200.0000005,-0.0243677642035568,Slight or No change,1041.9333333333334,1046.8328571428572,10.00360762763986
2017-11-30,1036.17,1039.94,1044.14,1030.07,2250000.0,11,2017,2331382500.0,-0.0011663999691531313,Slight or No change,1036.7933333333333,1046.2597619047622,10.351763255748297
2017-12-01,1025.07,1030.41,1037.24,1016.9,1890000.0,12,2017,1937382300.0,-0.010712527867049015,Slight or No change,1026.4033333333334,1045.0028571428572,11.635889209876646
2017-12-04,1011.87,1027.8,1031.34,1009.22,1940000.0,12,2017,1963027800.0,-0.012877169364043373,Slight or No change,1017.4766666666666,1043.1750000000004,13.776480499651182
2017-12-05,1019.6,1010.99,1036.68,1002.32,1950000.0,12,2017,1988220000.0,0.007639321256683206,Slight or No change,1019.5333333333333,1041.8733333333337,15.122926445417486
2017-12-06,1032.72,1016.52,1039.58,1015.31,1440000.0,12,2017,1487116800.0,0.012867791290702256,Slight or No change,1029.2033333333331,1041.416428571429,15.420738476241281
2017-12-07,1044.57,1036.07,1048.92,1035.36,1540000.0,12,2017,1608637800.0,0.01147455263769448,Slight or No change,1042.9499999999998,1041.1930952380953,15.370613846701852
2017-12-08,1049.38,1051.81,1056.42,1045.86,1560000.0,12,2017,1637032800.0000002,0.004604765597327365,Slight or No change,1050.5533333333333,1041.932142857143,15.567024681939419
2017-12-11,1051.97,1051.11,1056.0,1044.12,1160000.0,12,2017,1220285200.0,0.0024681240351445144,Slight or No change,1050.6966666666667,1043.0290476190478,15.607776849010346
2017-12-12,1048.77,1050.0,1062.5,1044.87,1690000.0,12,2017,1772421300.0,-0.003041911841592526,Slight or No change,1052.0466666666666,1043.417380952381,15.770513065735623
2017-12-13,1051.39,1052.08,1055.48,1046.58,1380000.0,12,2017,1450918200.0000002,0.0024981645165289557,Slight or No change,1051.1499999999999,1043.39,15.755663911722365
2017-12-14,1057.47,1055.49,1067.08,1053.6,1550000.0,12,2017,1639078500.0,0.005782820837177294,Slight or No change,1059.3833333333332,1043.6195238095238,15.977997042789656
2017-12-15,1072.0,1063.78,1075.25,1060.09,3190000.0,12,2017,3419680000.0,0.013740342515626836,Slight or No change,1069.1133333333335,1043.7985714285714,16.266837047987973
2017-12-18,1085.09,1076.45,1086.49,1070.37,1510000.0,12,2017,1638485899.9999998,0.01221082089552228,Slight or No change,1080.6499999999999,1044.8490476190477,18.170386183731505
2017-12-19,1079.78,1083.02,1084.97,1072.27,1320000.0,12,2017,1425309600.0,-0.004893603295579085,Slight or No change,1079.0066666666664,1047.4971428571428,20.290554783716996
2017-12-20,1073.56,1080.92,1081.23,1068.6,1440000.0,12,2017,1545926400.0,-0.005760432680731231,Slight or No change,1074.4633333333334,1050.1878571428572,21.237540524589622
2017-12-21,1070.85,1075.39,1077.52,1069.0,1280000.0,12,2017,1370688000.0,-0.0025243116360520452,Slight or No change,1072.4566666666667,1053.4773809523808,20.832912987701118
2017-12-22,1068.86,1070.0,1071.72,1067.64,889450.0,12,2017,950697527.0,-0.0018583368352244054,Slight or No change,1069.4066666666668,1057.1866666666667,18.41237237322422
2017-12-26,1065.85,1068.64,1068.86,1058.64,918770.0,12,2017,979271004.5,-0.0028160844263982465,Slight or No change,1064.45,1060.395,14.930803972491692
2017-12-27,1060.2,1066.6,1068.27,1058.38,1120000.0,12,2017,1187424000.0,-0.00530093352723171,Slight or No change,1062.2833333333335,1062.7578571428571,11.931078400844568
2017-12-28,1055.95,1062.25,1064.84,1053.38,994250.0,12,2017,1049878287.5,-0.004008677607998501,Slight or No change,1058.0566666666666,1063.8369047619049,10.612066383623006
2017-12-29,1053.4,1055.49,1058.05,1052.7,1180000.0,12,2017,1243012000.0,-0.002414887068516447,Slight or No change,1054.7166666666667,1064.1342857142859,10.26380782945442
2018-01-02,1073.21,1053.02,1075.98,1053.02,1590000.0,1,2018,1706403900.0,0.018805771786595704,Slight or No change,1067.4033333333334,1065.3276190476192,9.525977476693225
2018-01-03,1091.52,1073.93,1096.1,1073.43,1570000.0,1,2018,1713686400.0,0.01706096663281187,Slight or No change,1087.0166666666667,1067.8254761904761,10.326799473344016
2018-01-04,1095.76,1097.09,1104.08,1094.26,1300000.0,1,2018,1424488000.0,0.0038844913515099218,Slight or No change,1098.0333333333335,1071.1742857142858,11.97367628631853
2018-01-05,1110.29,1103.45,1113.58,1101.8,1510000.0,1,2018,1676537900.0,0.013260202964152644,Slight or No change,1108.5566666666666,1074.6866666666667,15.062680264553244
2018-01-08,1114.21,1111.0,1119.16,1110.0,1230000.0,1,2018,1370478300.0,0.0035306091201399155,Slight or No change,1114.4566666666667,1077.9254761904763,18.299282906278957
2018-01-09,1112.79,1118.44,1118.44,1108.2,1340000.0,1,2018,1491138600.0,-0.001274445571301741,Slight or No change,1113.1433333333334,1080.2464285714289,20.58880906981606
2018-01-10,1110.14,1107.0,1112.78,1103.98,1040000.0,1,2018,1154545600.0,-0.002381401702028163,Slight or No change,1108.966666666667,1082.3864285714287,21.96130939164134
2018-01-11,1112.05,1112.31,1114.85,1106.48,1120000.0,1,2018,1245496000.0,0.001720503720251454,Slight or No change,1111.1266666666668,1085.0052380952384,23.100283037978393
2018-01-12,1130.65,1110.1,1131.3,1108.01,1930000.0,1,2018,2182154500.0,0.01672586664268705,Slight or No change,1123.32,1088.6383333333335,24.904221135018847
2018-01-16,1130.7,1140.31,1148.88,1126.66,1820000.0,1,2018,2057874000.0,4.422234997569774e-05,Slight or No change,1135.4133333333332,1093.3530952380954,27.131731209057264
2018-01-17,1139.1,1136.36,1139.32,1123.49,1390000.0,1,2018,1583348999.9999998,0.007429026266914106,Slight or No change,1133.97,1098.3188095238097,27.788803058010163
2018-01-18,1135.97,1139.35,1140.59,1124.46,1370000.0,1,2018,1556278900.0,-0.0027477833377226317,Slight or No change,1133.6733333333334,1103.4180952380955,27.211673516710302
2018-01-19,1143.5,1138.03,1143.78,1132.5,1530000.0,1,2018,1749555000.0,0.006628696180356775,Slight or No change,1139.9266666666665,1109.2659523809525,25.453773793001936
2018-01-22,1164.16,1143.82,1166.88,1141.82,1480000.0,1,2018,1722956800.0000002,0.018067337122868562,Slight or No change,1157.62,1116.6161904761905,23.25238639925249
2018-01-23,1176.17,1170.62,1178.51,1167.25,1960000.0,1,2018,2305293200.0,0.010316451346893851,Slight or No change,1173.9766666666667,1124.2285714285713,23.346548518288614
2018-01-24,1171.29,1184.98,1187.05,1167.4,1860000.0,1,2018,2178599400.0,-0.004149060084851719,Slight or No change,1175.2466666666667,1130.5307142857143,24.412921203183615
2018-01-25,1182.14,1180.71,1185.0,1171.84,1500000.0,1,2018,1773210000.0000005,0.0092632909014847,Slight or No change,1179.66,1136.3611904761906,25.76456121716712
2018-01-26,1187.56,1187.53,1187.56,1168.03,2110000.0,1,2018,2505751600.0,0.00458490534116085,Slight or No change,1181.05,1141.5392857142856,27.001687638887994
2018-01-29,1186.48,1188.0,1198.0,1184.06,1570000.0,1,2018,1862773600.0,-0.0009094277341775703,Slight or No change,1189.5133333333333,1146.900476190476,28.61391896840162
2018-01-30,1177.37,1177.72,1187.93,1174.51,1870000.0,1,2018,2201681900.0,-0.0076781740948015376,Slight or No change,1179.9366666666667,1151.6714285714284,28.116529545798052
2018-01-31,1182.22,1183.81,1186.32,1172.1,1800000.0,1,2018,2127996000.0,0.00411935075634684,Slight or No change,1180.2133333333334,1156.760476190476,26.173057193091346
2018-02-01,1181.59,1175.99,1187.45,1169.36,3680000.0,2,2018,4348251200.0,-0.0005328957385258848,Slight or No change,1179.4666666666665,1161.6419047619045,23.212903710156848
2018-02-02,1119.2,1127.42,1131.3,1111.17,5890000.0,2,2018,6592088000.0,-0.052801733257728856,Slight or No change,1120.5566666666666,1161.4445238095236,23.572781987084497
2018-02-05,1062.39,1100.61,1114.99,1056.74,4180000.0,2,2018,4440790200.0,-0.050759471050750515,Slight or No change,1078.04,1157.3464285714285,31.946299879758175
2018-02-06,1084.43,1033.98,1087.38,1030.01,3830000.0,2,2018,4153366900.000001,0.02074567719952181,Slight or No change,1067.2733333333335,1152.582380952381,39.72629236420394
2018-02-07,1055.41,1084.97,1086.53,1054.62,2600000.0,2,2018,2744066000.0,-0.026760602344088613,Slight or No change,1065.5199999999998,1147.7142857142856,45.91534613818249
2018-02-08,1007.71,1059.87,1063.93,1004.7,3340000.0,2,2018,3365751400.0,-0.045195705934186765,Slight or No change,1025.4466666666667,1139.5371428571427,56.40475394975103
2018-02-09,1046.27,1025.88,1051.72,997.0,4920000.0,2,2018,5147648400.0,0.03826497702712084,Slight or No change,1031.6633333333334,1130.540238095238,62.962748700089705
2018-02-12,1054.56,1056.67,1065.57,1045.49,2810000.0,2,2018,2963313600.0,0.007923384977109205,Slight or No change,1055.2066666666667,1122.0566666666664,64.63913454347897
2018-02-13,1054.14,1050.0,1061.22,1046.92,1580000.0,2,2018,1665541200.0000002,-0.0003982703686844502,Slight or No change,1054.0933333333335,1113.4028571428569,65.07878716000621
2018-02-14,1072.7,1054.32,1075.47,1049.8,2070000.0,2,2018,2220489000.0,0.017606769499307395,Slight or No change,1065.99,1105.2835714285713,63.241467550079086
2018-02-15,1091.36,1083.45,1094.1,1067.23,1870000.0,2,2018,2040843200.0,0.01739535750908905,Slight or No change,1084.2299999999998,1098.367857142857,59.50203845688869
2018-02-16,1095.5,1093.38,1108.31,1091.55,2000000.0,2,2018,2191000000.0,0.003793432048086798,Slight or No change,1098.4533333333331,1091.8635714285715,53.44057286504422
2018-02-20,1103.59,1092.76,1116.29,1090.0,1690000.0,2,2018,1865067100.0,0.007384755819260569,Slight or No change,1103.2933333333333,1086.3890476190477,47.29678503066448
2018-02-21,1113.75,1109.1,1136.2,1107.51,2070000.0,2,2018,2305462499.9999995,0.009206317563587918,Slight or No change,1119.1533333333334,1082.0276190476193,40.27311506841511
2018-02-22,1109.9,1119.17,1125.46,1105.15,1400000.0,2,2018,1553860000.0000002,-0.003456790123456677,Slight or No change,1113.5033333333333,1077.3159523809525,30.722786225660723
2018-02-23,1128.09,1118.66,1129.0,1108.44,1260000.0,2,2018,1421393400.0,0.016388863861608982,Slight or No change,1121.8433333333332,1077.4078571428574,30.86368883036088
2018-02-26,1143.7,1131.86,1144.2,1129.34,1550000.0,2,2018,1772735000.0,0.013837548422555024,Slight or No change,1139.08,1081.7678571428573,34.9948281308775
2018-02-27,1117.51,1143.7,1144.25,1116.79,2150000.0,2,2018,2402646500.0,-0.02289936172073104,Slight or No change,1126.1833333333334,1085.9757142857145,36.62182240067107
2018-02-28,1103.92,1122.0,1127.65,1103.0,2460000.0,2,2018,2715643200.0,-0.01216096500255026,Slight or No change,1111.5233333333333,1089.2616666666668,36.708972092000934
2018-03-01,1071.41,1109.54,1111.27,1067.29,2770000.0,3,2018,2967805700.0,-0.02944959779694178,Slight or No change,1083.3233333333335,1093.3957142857146,31.915485629312453
2018-03-02,1084.14,1057.98,1086.89,1050.11,2510000.0,3,2018,2721191400.0000005,0.01188153928001423,Slight or No change,1073.7133333333334,1096.399285714286,27.30453045212945
2018-03-05,1094.76,1078.13,1101.18,1072.27,1430000.0,3,2018,1565506800.0,0.009795782832475508,Slight or No change,1089.4033333333334,1098.841904761905,24.74573473441074
2018-03-06,1100.9,1102.1,1105.63,1094.5,1170000.0,3,2018,1288053000.0,0.005608535204063125,Slight or No change,1100.3433333333335,1102.1454761904763,21.136183889575708
2018-03-07,1115.04,1092.82,1116.2,1089.91,1540000.0,3,2018,1717161600.0,0.01284403669724754,Slight or No change,1107.05,1105.0783333333334,18.40570622918113
2018-03-08,1129.38,1117.2,1131.44,1117.2,1690000.0,3,2018,1908652200.0,0.01286052518295322,Slight or No change,1126.006666666667,1108.0623809523809,18.150416087557204
2018-03-09,1160.84,1139.5,1161.0,1134.29,2130000.0,3,2018,2472589200.0,0.02785599178310205,Slight or No change,1152.0433333333333,1111.8902380952381,21.338921402115737
2018-03-12,1165.93,1165.05,1178.16,1159.2,2220000.0,3,2018,2588364600.0,0.004384755866441603,Slight or No change,1167.7633333333333,1116.4952380952384,25.825681934363526
2018-03-13,1139.91,1171.83,1178.0,1134.57,2160000.0,3,2018,2462205600.0,-0.0223169487018946,Slight or No change,1150.8266666666666,1118.757619047619,27.414875786840284
2018-03-14,1148.89,1145.8,1159.76,1142.35,2090000.0,3,2018,2401180100.0,0.007877814915212555,Slight or No change,1150.3333333333333,1121.3883333333335,28.612812345904626
2018-03-15,1150.61,1149.57,1162.5,1135.66,1670000.0,3,2018,1921518700.0,0.0014970971981649315,Slight or No change,1149.59,1123.3702380952382,29.59098761113378
2018-03-16,1134.42,1155.35,1156.81,1131.36,2930000.0,3,2018,3323850600.0,-0.014070797229295606,Slight or No change,1140.8633333333335,1123.4976190476193,29.667555084035833
2018-03-19,1100.07,1117.76,1119.37,1088.92,3180000.0,3,2018,3498222600.0,-0.030279790553763286,Slight or No change,1102.7866666666666,1121.8264285714286,30.1595244828734
2018-03-20,1095.8,1098.4,1105.55,1082.42,2730000.0,3,2018,2991534000.0,-0.0038815711727435693,Slight or No change,1094.5900000000001,1120.6169047619048,30.934108535388425
2018-03-21,1094.0,1092.57,1108.7,1087.21,2240000.0,3,2018,2450560000.0,-0.0016426355174301575,Slight or No change,1096.6366666666665,1121.5678571428573,29.886360311383786
2018-03-22,1053.15,1080.01,1083.92,1049.64,3470000.0,3,2018,3654430500.000001,-0.037340036563071166,Slight or No change,1062.236666666667,1120.7480952380954,31.41809315170873
2018-03-23,1026.55,1051.37,1066.78,1024.87,2490000.0,3,2018,2556109500.0,-0.025257560651379296,Slight or No change,1039.3999999999999,1117.1764285714287,37.50761847316834
2018-03-26,1054.09,1050.6,1059.27,1010.58,3300000.0,3,2018,3478496999.9999995,0.026827723929667258,Slight or No change,1041.3133333333333,1112.9600000000003,42.527492565770714
2018-03-27,1006.94,1063.9,1064.54,997.62,3040000.0,3,2018,3061097600.0,-0.044730525856425785,Slight or No change,1023.0333333333333,1106.9588095238098,48.87922035215455
2018-03-28,1005.18,1001.91,1024.99,984.0,3880000.0,3,2018,3900098400.0,-0.001747869783701228,Slight or No change,1004.7233333333334,1098.2957142857144,55.53785890428982
2018-03-29,1037.14,1011.21,1048.05,1004.04,3470000.0,3,2018,3598875800.000001,0.03179530034421707,Slight or No change,1029.7433333333336,1089.5600000000002,56.0495272439788
2018-04-02,1012.63,1027.62,1039.53,994.25,3250000.0,4,2018,3291047500.0,-0.02363229650770393,Slight or No change,1015.4699999999999,1078.681904761905,54.46032354418436
2018-04-03,1018.68,1016.15,1025.0,997.25,2570000.0,4,2018,2618007600.0,0.0059745415403453786,Slight or No change,1013.6433333333333,1068.8830952380954,52.797118712893635
2018-04-04,1029.71,998.23,1032.74,996.51,2540000.0,4,2018,2615463400.0,0.01082773785683444,Slight or No change,1019.6533333333333,1059.5488095238097,48.68074045899588
2018-04-05,1032.64,1046.39,1046.71,1024.0,1790000.0,4,2018,1848425600.0,0.0028454613434851783,Slight or No change,1034.45,1051.324523809524,41.494372548269354
2018-04-06,1009.95,1023.1,1036.0,1006.25,2010000.0,4,2018,2029999500.0,-0.021972807561202456,Slight or No change,1017.4,1042.5057142857145,33.31441554018068
2018-04-09,1020.09,1020.04,1044.59,1019.2,1660000.0,4,2018,1693349400.0,0.010040100995098777,Slight or No change,1027.96,1037.1609523809527,28.562896242471357
2018-04-10,1036.5,1030.26,1041.21,1015.41,1840000.0,4,2018,1907160000.0,0.01608681586918803,Slight or No change,1031.04,1032.6216666666671,23.298739621461323
2018-04-11,1025.06,1032.0,1035.87,1019.2,1700000.0,4,2018,1742602000.0,-0.011037144235407692,Slight or No change,1026.7099999999998,1027.626904761905,14.262826913441993
2018-04-12,1037.29,1031.47,1044.65,1026.05,1640000.0,4,2018,1701155600.0,0.011931008916551187,Slight or No change,1035.9966666666667,1025.7526190476192,10.625090220111602
2018-04-13,1036.04,1046.89,1052.98,1030.15,1270000.0,4,2018,1315770800.0,-0.0012050631935138778,Slight or No change,1039.7233333333334,1025.7757142857145,10.657339225388238
2018-04-16,1046.1,1045.55,1051.43,1033.92,1490000.0,4,2018,1558688999.9999998,0.009710049805026877,Slight or No change,1043.8166666666668,1025.954523809524,10.954929234917257
2018-04-17,1079.36,1061.2,1085.0,1057.09,2730000.0,4,2018,2946652799.9999995,0.03179428352929925,Slight or No change,1073.8166666666666,1029.581904761905,16.774928724127527
2018-04-18,1075.39,1079.01,1082.0,1070.52,1560000.0,4,2018,1677608400.0000002,-0.0036781055440259225,Slight or No change,1075.97,1034.6709523809527,19.27434756967942
2018-04-19,1089.45,1069.02,1097.51,1069.02,1990000.0,4,2018,2168005500.0,0.013074326523400792,Slight or No change,1085.3266666666666,1038.6411904761906,23.45297595998571
2018-04-20,1077.32,1084.27,1094.75,1072.1,2120000.0,4,2018,2283918400.0,-0.011134058469870256,Slight or No change,1081.39,1043.349761904762,25.00879026536838
2018-04-23,1073.81,1082.98,1088.0,1066.68,3480000.0,4,2018,3736858800.0,-0.00325808487728807,Slight or No change,1076.1633333333334,1047.8154761904764,24.87781957931011
2018-04-24,1022.64,1059.2,1064.49,1012.86,6410000.0,4,2018,6555122400.0,-0.047652750486585134,Slight or No change,1033.33,1048.792380952381,23.937641296042933
2018-04-25,1022.99,1029.75,1036.07,1017.01,2890000.0,4,2018,2956441100.0,0.0003422514276774091,Slight or No change,1025.3566666666666,1048.1428571428573,24.474101219962698
2018-04-26,1043.31,1033.22,1052.02,1020.45,2550000.0,4,2018,2660440500.0,0.019863341772646814,Slight or No change,1038.5933333333335,1049.656666666667,23.03967926236758
2018-04-27,1031.45,1045.54,1051.69,1027.59,2040000.0,4,2018,2104158000.0,-0.011367666369535344,Slight or No change,1036.9099999999999,1050.2959523809527,22.509415510625498
2018-04-30,1018.58,1034.42,1038.37,1018.3,1720000.0,4,2018,1751957600.0,-0.012477580105676456,Slight or No change,1025.0833333333333,1049.8704761904767,22.953312587295756
2018-05-01,1040.75,1016.3,1041.73,1010.61,1770000.0,5,2018,1842127500.0,0.02176559524043276,Slight or No change,1031.03,1050.179047619048,22.644972477579415
2018-05-02,1026.05,1034.0,1043.98,1023.16,1730000.0,5,2018,1775066500.0,-0.014124429497958226,Slight or No change,1031.0633333333333,1049.8266666666673,22.91936418622483
2018-05-03,1026.3,1025.37,1030.69,1007.89,1960000.0,5,2018,2011548000.0,0.00024365284342864332,Slight or No change,1021.6266666666667,1048.5340476190481,24.017037014833168
2018-05-04,1051.0,1019.61,1051.88,1018.05,1840000.0,5,2018,1933840000.0,0.02406703692877321,Slight or No change,1040.3100000000002,1048.2835714285718,24.088199808710673
2018-05-07,1059.46,1053.89,1065.0,1050.27,1720000.0,5,2018,1822271200.0,0.008049476688867685,Slight or No change,1058.2433333333333,1047.171190476191,23.160098703977273
2018-05-08,1058.59,1064.62,1065.23,1051.64,1300000.0,5,2018,1376167000.0,-0.0008211730504220638,Slight or No change,1058.4866666666667,1045.9223809523817,21.92628814559495
2018-05-09,1088.95,1064.1,1094.0,1062.11,2360000.0,5,2018,2569922000.0,0.02867965879141132,Slight or No change,1081.6866666666665,1045.6623809523817,21.439265655419653
2018-05-10,1105.47,1095.0,1109.41,1093.88,1820000.0,5,2018,2011955400.0,0.015170577161485843,Slight or No change,1102.92,1047.2002380952388,24.720296186102647
2018-05-11,1103.38,1100.41,1109.01,1097.22,1530000.0,5,2018,1688171400.0000002,-0.0018905985689343647,Slight or No change,1103.2033333333334,1049.1316666666673,27.996523860839375
2018-05-14,1106.6,1105.57,1118.15,1104.8,1970000.0,5,2018,2180002000.0,0.002918305570156932,Slight or No change,1109.85,1054.5973809523816,31.87506428828234
2018-05-15,1084.87,1096.9,1099.12,1078.78,1790000.0,5,2018,1941917300.0,-0.01963672510392189,Slight or No change,1087.59,1059.0426190476198,31.822957314979803
2018-05-16,1084.09,1085.09,1094.38,1081.63,1280000.0,5,2018,1387635200.0,-0.0007189801543041607,Slight or No change,1086.7,1062.4788095238102,32.04151360657318
2018-05-17,1081.26,1081.46,1091.0,1076.42,1290000.0,5,2018,1394825400.0,-0.002610484369378829,Slight or No change,1082.8933333333334,1065.763333333334,31.572282309905738
2018-05-18,1069.64,1066.0,1073.73,1064.68,1770000.0,5,2018,1893262800.0,-0.010746721417605245,Slight or No change,1069.3500000000001,1068.925238095239,29.321234005651018
2018-05-21,1084.01,1079.0,1093.3,1078.0,1260000.0,5,2018,1365852600.0,0.013434426536030664,Slight or No change,1085.1033333333335,1072.7876190476197,27.44698639688977
2018-05-22,1075.31,1089.8,1091.8,1072.26,1110000.0,5,2018,1193594100.0,-0.008025756219961155,Slight or No change,1079.79,1076.2680952380958,24.701147788629154
2018-05-23,1085.96,1070.0,1088.0,1066.96,1190000.0,5,2018,1292292400.0,0.009904120672178385,Slight or No change,1080.3066666666666,1080.4595238095246,19.04766983784452
2018-05-24,1085.45,1086.9,1087.12,1072.3,1030000.0,5,2018,1118013500.0,-0.00046963055729487557,Slight or No change,1081.6233333333332,1083.4104761904769,15.150615505092954
2018-05-25,1084.08,1086.55,1089.57,1082.6,1110000.0,5,2018,1203328800.0,-0.0012621493389839422,Slight or No change,1085.4166666666667,1085.3514285714293,13.306830307964004
2018-05-29,1068.07,1076.0,1081.34,1063.08,1800000.0,5,2018,1922526000.0,-0.01476828278355835,Slight or No change,1070.83,1086.233095238096,11.70209145338613
2018-05-30,1077.47,1073.48,1078.99,1066.55,1430000.0,5,2018,1540782100.0,0.008800921287930752,Slight or No change,1074.3366666666668,1085.708095238096,12.080507270883656
2018-05-31,1100.0,1082.0,1110.0,1078.0,3970000.0,5,2018,4367000000.0,0.0209100949446388,Slight or No change,1096.0,1085.2138095238101,11.447054400878423
2018-06-01,1135.0,1112.87,1138.16,1112.01,3160000.0,6,2018,3586600000.0,0.031818181818181746,Slight or No change,1128.39,1087.012857142858,15.686113781551686
2018-06-04,1153.04,1138.5,1157.86,1137.0,2240000.0,6,2018,2582809600.0,0.015894273127753378,Slight or No change,1149.3,1089.830714285715,22.267072550369004
2018-06-05,1151.02,1154.66,1161.1,1147.46,1650000.0,6,2018,1899183000.0,-0.0017518906542703938,Slight or No change,1153.1933333333334,1094.516666666667,27.939604308023547
2018-06-06,1146.95,1152.77,1154.71,1136.32,1750000.0,6,2018,2007162500.0,-0.003535994161700029,Slight or No change,1145.993333333333,1098.751904761905,30.990947691670975
2018-06-07,1134.42,1144.58,1145.87,1126.12,1810000.0,6,2018,2053300200.0,-0.01092462618248391,Slight or No change,1135.47,1102.5073809523815,32.08759491320367
2018-06-08,1132.71,1131.21,1138.78,1123.23,1360000.0,6,2018,1540485600.0,-0.001507378219707034,Slight or No change,1131.5733333333335,1106.9519047619053,31.444509493541894
2018-06-11,1140.9,1132.94,1147.74,1131.4,1240000.0,6,2018,1414716000.0,0.007230447334269251,Slight or No change,1140.0133333333335,1110.8740476190483,31.930424876345782
2018-06-12,1148.19,1141.02,1148.75,1141.02,1300000.0,6,2018,1492647000.0,0.006389692348146125,Slight or No change,1145.9866666666667,1115.6023809523815,31.874579358474644
2018-06-13,1144.23,1152.28,1155.64,1143.38,1720000.0,6,2018,1968075600.0,-0.0034489065398584096,Slight or No change,1147.7500000000002,1120.4197619047625,31.21961446413899
2018-06-14,1160.11,1152.21,1165.99,1150.6,1770000.0,6,2018,2053394700.0,0.013878328657699779,Slight or No change,1158.8999999999999,1125.9395238095244,30.658984513187008
2018-06-15,1159.27,1159.92,1163.91,1153.69,2220000.0,6,2018,2573579400.0,-0.0007240692692933592,Slight or No change,1158.9566666666667,1131.1923809523817,29.458429595567306
2018-06-18,1183.58,1152.69,1184.13,1151.0,1650000.0,6,2018,1952907000.0,0.02097009324833721,Slight or No change,1172.9033333333334,1138.483333333334,25.770231285592963
2018-06-19,1178.69,1170.11,1182.81,1161.61,2360000.0,6,2018,2781708400.0,-0.004131533145203425,Slight or No change,1174.3700000000001,1145.628571428572,19.790554628488888
2018-06-20,1184.07,1183.3,1201.49,1182.03,2580000.0,6,2018,3054900600.0,0.004564389279623882,Slight or No change,1189.1966666666667,1152.2854761904769,17.334805292886596
2018-06-21,1169.44,1185.51,1190.33,1163.48,2250000.0,6,2018,2631240000.0,-0.012355688430582544,Slight or No change,1174.4166666666667,1155.5730952380961,16.810982748333398
2018-06-22,1169.29,1171.49,1175.0,1159.65,1710000.0,6,2018,1999485900.0,-0.00012826652072794875,Slight or No change,1167.98,1156.9073809523818,17.0148666608032
2018-06-25,1139.28,1155.0,1155.99,1119.9,2880000.0,6,2018,3281126400.0,-0.025665147226094483,Slight or No change,1138.39,1155.8500000000008,17.70923362417832
2018-06-26,1132.62,1144.14,1146.87,1129.0,1730000.0,6,2018,1959432600.0,-0.005845797345692128,Slight or No change,1136.1633333333332,1155.1478571428581,18.314620734865183
2018-06-27,1116.94,1136.0,1146.21,1116.7,1730000.0,6,2018,1932306200.0,-0.013844007698963323,Slight or No change,1126.6166666666666,1154.515476190477,19.178797214019514
2018-06-28,1126.78,1112.39,1134.0,1106.07,1490000.0,6,2018,1678902200.0,0.008809783873797937,Slight or No change,1122.283333333333,1153.8519047619059,20.168799112278048
2018-06-29,1129.19,1132.31,1141.36,1127.02,1580000.0,6,2018,1784120200.0,0.002138838105042673,Slight or No change,1132.5233333333333,1153.3169047619058,20.657538574068287
2018-07-02,1142.11,1115.35,1142.99,1106.6,1160000.0,7,2018,1324847600.0,0.011441829984324858,Slight or No change,1130.5666666666666,1152.2154761904771,21.47341399801917
2018-07-03,1116.28,1149.42,1149.91,1114.43,822390.0,7,2018,918017509.2,-0.022616035233033568,Slight or No change,1126.8733333333332,1150.7242857142867,22.507349661098523
2018-07-05,1141.29,1124.6,1144.14,1123.12,1430000.0,7,2018,1632044700.0,0.022404772996022396,Slight or No change,1136.1833333333334,1149.1016666666678,22.690707603303604
2018-07-06,1155.08,1141.77,1156.2,1137.24,1090000.0,7,2018,1259037200.0,0.012082818564957076,Slight or No change,1149.5066666666667,1148.4266666666676,22.514868591498907
2018-07-09,1167.28,1160.0,1167.93,1157.23,1080000.0,7,2018,1260662400.0,0.010562038992970145,Slight or No change,1164.1466666666665,1147.8011904761913,21.895705765116016
2018-07-10,1167.14,1169.99,1173.5,1162.56,1070000.0,7,2018,1248839800.0,-0.00011993694743328565,Slight or No change,1167.7333333333333,1147.3271428571436,21.341054126001914
2018-07-11,1171.46,1155.62,1180.44,1155.37,1660000.0,7,2018,1944623600.0,0.00370135545007444,Slight or No change,1169.09,1145.890952380953,18.836167357845085
2018-07-12,1201.26,1174.86,1201.99,1173.1,2210000.0,7,2018,2654784600.0,0.02543834189814409,Slight or No change,1192.1166666666668,1147.155238095239,21.327371431128682
2018-07-13,1204.42,1202.8,1210.44,1195.29,1630000.0,7,2018,1963204600.0,0.002630571233538159,Slight or No change,1203.3833333333334,1149.6840476190484,25.647818526674044
2018-07-16,1196.51,1203.81,1208.71,1193.4,1340000.0,7,2018,1603323400.0,-0.0065674764616995285,Slight or No change,1199.54,1154.0519047619057,28.612132646038564
2018-07-17,1213.08,1182.74,1218.76,1182.0,2010000.0,7,2018,2438290799.9999995,0.0138486097065631,Slight or No change,1204.6133333333335,1158.9411904761914,31.0635690820446
2018-07-18,1212.91,1208.53,1221.59,1204.56,1950000.0,7,2018,2365174500.0,-0.00014013914993227242,Slight or No change,1213.0199999999998,1165.1128571428583,32.688129392407845
2018-07-19,1199.1,1206.65,1216.48,1197.73,1920000.0,7,2018,2302272000.0,-0.011385840664187907,Slight or No change,1204.4366666666667,1170.9809523809533,31.76910659848878
2018-07-20,1197.88,1199.24,1210.77,1196.59,1900000.0,7,2018,2275972000.0,-0.0010174297389706766,Slight or No change,1201.7466666666667,1175.9254761904772,30.691835591541945
2018-07-23,1211.0,1195.66,1215.1,1192.01,3270000.0,7,2018,3959970000.0,0.01095268307342967,Slight or No change,1206.0366666666666,1181.3161904761914,28.673599515194127
2018-07-24,1258.15,1271.0,1275.0,1244.14,5380000.0,7,2018,6768847000.000001,0.03893476465730816,Slight or No change,1259.0966666666668,1190.7607142857155,31.04001187270457
2018-07-25,1275.94,1252.62,1278.24,1249.05,2580000.0,7,2018,3291925200.0,0.01413980844891305,Slight or No change,1267.7433333333333,1200.1578571428581,33.092661737418176
2018-07-26,1285.5,1267.18,1287.4,1263.0,2730000.0,7,2018,3509415000.0,0.007492515322037097,Slight or No change,1278.6333333333334,1209.3811904761915,35.77546900090509
2018-07-27,1252.89,1289.12,1291.44,1244.49,2420000.0,7,2018,3031993800.0000005,-0.025367561260210003,Slight or No change,1262.9400000000003,1216.437857142858,35.90985153040307
2018-07-30,1230.04,1245.05,1252.89,1224.17,2190000.0,7,2018,2693787600.0,-0.018237834127497358,Slight or No change,1235.7,1221.2926190476198,33.319737975666996
2018-07-31,1227.22,1231.71,1241.21,1216.19,1970000.0,7,2018,2417623400.0,-0.0022926083704594147,Slight or No change,1228.2066666666667,1225.5152380952388,29.749890316955767
2018-08-01,1232.99,1239.11,1245.9,1224.94,1850000.0,8,2018,2281031500.0,0.004701683479734653,Slight or No change,1234.61,1228.5504761904772,28.208019041004462
2018-08-02,1241.13,1218.5,1244.41,1218.06,1740000.0,8,2018,2159566200.0,0.0066018378089036656,Slight or No change,1234.5333333333335,1230.7754761904769,27.2835554118224
2018-08-03,1238.16,1245.18,1246.52,1229.42,1060000.0,8,2018,1312449600.0,-0.002392980590268601,Slight or No change,1238.0333333333335,1233.5250000000008,25.79249194239738
2018-08-06,1237.67,1241.61,1242.46,1230.53,1110000.0,8,2018,1373813700.0,-0.00039574853007684485,Slight or No change,1236.8866666666665,1235.8302380952387,24.415163862547107
2018-08-07,1255.84,1252.01,1266.08,1251.8,2130000.0,8,2018,2674939200.0,0.01468081152488132,Slight or No change,1257.9066666666668,1239.036428571429,24.134956258806845
2018-08-08,1261.33,1256.72,1271.72,1252.12,1720000.0,8,2018,2169487600.0,0.004371575996942267,Slight or No change,1261.7233333333334,1243.1283333333336,22.626720107449916
2018-08-09,1264.46,1262.73,1271.96,1260.1,1370000.0,8,2018,1732310200.0,0.002481507614978007,Slight or No change,1265.5066666666667,1247.6826190476193,19.910484725767635
2018-08-10,1252.51,1259.18,1261.2,1247.16,1330000.0,8,2018,1665838300.0,-0.009450674596270359,Slight or No change,1253.6233333333332,1251.081666666667,15.914950921096024
2018-08-13,1248.64,1251.2,1265.97,1247.03,1380000.0,8,2018,1723123200.0000002,-0.003089795690253916,Slight or No change,1253.88,1250.7090476190479,15.773298352086117
2018-08-14,1258.14,1252.5,1260.59,1239.54,1400000.0,8,2018,1761396000.0000005,0.007608277806253172,Slight or No change,1252.756666666667,1249.6385714285718,15.018816956066898
2018-08-15,1232.22,1244.28,1251.98,1226.24,1850000.0,8,2018,2279607000.0,-0.02060184081262817,Slight or No change,1236.8133333333335,1246.651428571429,12.803879868341232
2018-08-16,1224.06,1241.99,1243.7,1219.63,1610000.0,8,2018,1970736600.0,-0.006622194088718003,Slight or No change,1229.1299999999999,1244.236428571429,12.683251117662108
2018-08-17,1215.85,1222.04,1226.95,1204.0,1650000.0,8,2018,2006152500.0,-0.006707187556165617,Slight or No change,1215.6,1242.8007142857148,14.701019685477439
2018-08-20,1221.95,1220.66,1225.91,1208.7,1110000.0,8,2018,1356364500.0,0.0050170662499486865,Slight or No change,1218.8533333333335,1242.1326190476195,15.600299919250633
2018-08-21,1217.41,1223.02,1232.76,1215.03,1150000.0,8,2018,1400021500.0,-0.003715372969434028,Slight or No change,1221.7333333333333,1241.2128571428577,16.43518561659369
2018-08-22,1221.75,1214.22,1226.53,1213.22,1110000.0,8,2018,1356142500.0,0.0035649452526265173,Slight or No change,1220.5,1240.2104761904768,17.280132896437845
2018-08-23,1221.16,1219.88,1235.17,1219.35,1230000.0,8,2018,1502026800.0,-0.00048291385307952517,Slight or No change,1225.2266666666667,1239.2957142857147,17.737180536447507
2018-08-24,1236.75,1226.0,1237.4,1221.42,1220000.0,8,2018,1508835000.0,0.012766549837859076,Slight or No change,1231.8566666666668,1238.9364285714291,17.84037591419589
2018-08-27,1256.27,1244.14,1257.87,1240.68,1430000.0,8,2018,1796466100.0,0.01578330301192632,Slight or No change,1251.6066666666668,1238.486428571429,17.399065328295126
2018-08-28,1245.86,1255.9,1256.56,1242.97,1370000.0,8,2018,1706828199.9999998,-0.008286435240832056,Slight or No change,1248.4633333333331,1237.5392857142865,16.367140949772136
2018-08-29,1264.65,1255.0,1267.17,1252.8,1850000.0,8,2018,2339602500.0,0.015081951423113528,Slight or No change,1261.5400000000002,1237.255952380953,15.872615356466103
2018-08-30,1254.44,1263.4,1269.49,1247.21,1510000.0,8,2018,1894204400.0,-0.00807337998655755,Slight or No change,1257.0466666666666,1237.5004761904768,16.167781503054606
2018-08-31,1231.8,1252.21,1252.55,1225.75,2120000.0,8,2018,2611416000.0,-0.018047893880934973,Slight or No change,1236.7,1236.273333333334,15.465675918765573
2018-09-04,1211.31,1222.52,1227.87,1206.56,2070000.0,9,2018,2507411699.9999995,-0.01663419386264009,Slight or No change,1215.2466666666667,1233.594047619048,15.638594116691717
2018-09-05,1199.1,1209.22,1214.87,1175.34,2700000.0,9,2018,3237569999.9999995,-0.010079996037347994,Slight or No change,1196.4366666666667,1230.7100000000007,18.466627001725502
2018-09-06,1183.99,1198.57,1198.99,1163.61,2340000.0,9,2018,2770536600.0,-0.0126011175047952,Slight or No change,1182.1966666666667,1227.3576190476197,22.577934710147314
2018-09-07,1177.59,1172.0,1188.55,1169.27,1630000.0,9,2018,1919471700.0,-0.005405451059552925,Slight or No change,1178.47,1224.705476190477,25.988465475866835
2018-09-10,1175.06,1184.2,1186.66,1170.61,1380000.0,9,2018,1621582800.0,-0.002148455744359179,Slight or No change,1177.4433333333334,1221.7476190476198,28.899270816482247
2018-09-11,1189.99,1171.1,1190.94,1165.95,1460000.0,9,2018,1737385400.0,0.01270573417527632,Slight or No change,1182.2933333333333,1218.930476190477,30.76300780692249
2018-09-12,1171.6,1182.0,1190.69,1166.16,1790000.0,9,2018,2097164000.0,-0.015453911377406591,Slight or No change,1176.15,1215.76261904762,32.80469679679272
2018-09-13,1182.14,1179.7,1187.86,1169.22,2000000.0,9,2018,2364280000.0,0.00899624445203151,Slight or No change,1179.74,1212.5135714285727,34.025101881683206
2018-09-14,1177.98,1188.0,1188.0,1173.52,1210000.0,9,2018,1425355800.0,-0.003519041737865325,Slight or No change,1179.8333333333333,1208.7976190476202,34.586263006677896
2018-09-17,1159.83,1177.77,1181.82,1158.45,1700000.0,9,2018,1971711000.0,-0.015407731879998,Slight or No change,1166.7,1202.7328571428584,33.94042394452187
2018-09-18,1167.11,1162.66,1181.33,1161.42,1620000.0,9,2018,1890718200.0,0.0062767819421811755,Slight or No change,1169.9533333333331,1197.1250000000014,32.247037755697505
2018-09-19,1174.27,1168.96,1176.27,1158.62,1300000.0,9,2018,1526551000.0,0.006134811628724091,Slight or No change,1169.72,1190.56642857143,27.058146141019904
2018-09-20,1191.57,1180.67,1194.0,1176.25,1460000.0,9,2018,1739692200.0,0.014732557248333,Slight or No change,1187.2733333333333,1185.5826190476205,19.137856080246866
2018-09-21,1172.12,1194.92,1196.58,1172.06,4560000.0,9,2018,5344867199.999999,-0.016323002425371658,Slight or No change,1180.2533333333333,1181.5507142857157,12.244857715646974
2018-09-24,1179.56,1159.41,1185.19,1151.5,1560000.0,9,2018,1840113600.0,0.0063474729549874995,Slight or No change,1172.0833333333333,1178.4676190476205,7.6977142160285
2018-09-25,1193.89,1184.25,1196.86,1174.09,1660000.0,9,2018,1981857400.0,0.012148597782223993,Slight or No change,1188.28,1177.8850000000014,6.43880287622429
2018-09-26,1194.06,1193.69,1207.24,1185.4,1880000.0,9,2018,2244832800.0,0.00014239167762508664,Slight or No change,1195.5666666666668,1178.8400000000013,7.9432549465280715
2018-09-27,1207.36,1200.0,1216.86,1198.05,1810000.0,9,2018,2185321600.0,0.011138468753663977,Slight or No change,1207.4233333333332,1180.9080952380962,11.01478266325231
2018-09-28,1207.08,1204.09,1208.45,1197.83,1780000.0,9,2018,2148602400.0,-0.00023191094619667843,Slight or No change,1204.4533333333331,1182.837380952382,12.611027949637046
2018-10-01,1208.53,1213.0,1224.2,1203.19,1660000.0,10,2018,2006159800.0,0.0012012459820394115,Slight or No change,1211.9733333333334,1184.9573809523822,14.814702859602905
2018-10-02,1207.64,1206.67,1224.52,1199.66,2010000.0,10,2018,2427356400.0,-0.0007364318635034728,Slight or No change,1210.6066666666668,1187.4185714285725,16.049663186520455
2018-10-03,1211.53,1212.0,1214.18,1202.15,1310000.0,10,2018,1587104300.0,0.003221158623430753,Slight or No change,1209.2866666666666,1189.5290476190487,16.883281541355064
2018-10-04,1177.07,1205.03,1205.9,1163.85,2330000.0,10,2018,2742573100.0,-0.028443373255305326,Slight or No change,1182.2733333333333,1189.7033333333345,16.787817927577603
2018-10-05,1167.83,1176.0,1182.0,1154.32,1590000.0,10,2018,1856849700.0,-0.007850000424783565,Slight or No change,1168.05,1189.799761904763,16.648825602915952
2018-10-08,1155.92,1160.0,1175.86,1135.4,2310000.0,10,2018,2670175200.0,-0.010198402164698472,Slight or No change,1155.7266666666667,1188.7835714285723,18.305153142302448
2018-10-09,1145.17,1151.31,1161.55,1144.17,1680000.0,10,2018,1923885600.0,-0.009299951553740748,Slight or No change,1150.2966666666669,1187.3961904761911,20.46929544870355
2018-10-10,1092.16,1136.4,1137.02,1091.51,2950000.0,10,2018,3221872000.0000005,-0.046290070469886535,Slight or No change,1106.8966666666665,1181.6550000000007,29.69796317370801
2018-10-11,1090.74,1079.04,1116.06,1075.89,3380000.0,10,2018,3686701200.0,-0.0013001757984179019,Slight or No change,1094.2299999999998,1175.5104761904768,37.80332784738981
2018-10-12,1120.54,1119.64,1125.83,1095.03,2470000.0,10,2018,2767733800.0,0.027320901406384657,Slight or No change,1113.8,1171.3473809523816,41.260885974692705
2018-10-15,1102.44,1118.0,1121.8,1098.22,1500000.0,10,2018,1653660000.0,-0.01615292626769227,Slight or No change,1107.4866666666667,1165.5764285714292,44.25208557477203
2018-10-16,1133.08,1113.48,1136.37,1111.75,1920000.0,10,2018,2175513600.0,0.027792895758499192,Slight or No change,1127.0666666666666,1160.6835714285721,44.46748049200314
2018-10-17,1127.59,1140.0,1147.0,1114.0,1780000.0,10,2018,2007110200.0,-0.004845200691919405,Slight or No change,1129.53,1155.1197619047628,43.0189534945727
2018-10-18,1097.91,1130.0,1132.35,1086.34,2310000.0,10,2018,2536172100.0,-0.026321623994536858,Slight or No change,1105.533333333333,1148.0540476190483,42.41214162914195
2018-10-19,1105.18,1103.71,1120.95,1097.03,2060000.0,10,2018,2276670800.0,0.006621672086054353,Slight or No change,1107.72,1140.6073809523816,39.36914775782197
2018-10-22,1111.37,1112.51,1121.69,1100.0,1360000.0,10,2018,1511463199.9999998,0.005600897591342413,Slight or No change,1111.02,1133.4940476190482,34.43634852086828
2018-10-23,1114.91,1091.29,1118.0,1079.01,1880000.0,10,2018,2096030800.0,0.003185257834924737,Slight or No change,1103.9733333333334,1125.971666666667,27.3874644963459
2018-10-24,1057.12,1115.0,1116.62,1055.06,2460000.0,10,2018,2600515199.9999995,-0.051833780305136856,Slight or No change,1076.2666666666667,1118.3997619047625,25.190029653737536
2018-10-25,1103.59,1080.3,1117.82,1075.55,3650000.0,10,2018,4028103500.0,0.04395905857423954,Slight or No change,1098.9866666666667,1113.4666666666672,21.15876767613779
2018-10-26,1083.75,1048.33,1117.0,1042.23,5320000.0,10,2018,5765550000.0,-0.017977690990313322,Slight or No change,1080.9933333333333,1108.1285714285718,18.99330038041764
2018-10-29,1034.73,1096.54,1108.83,1007.2,4060000.0,10,2018,4201003800.0,-0.0452318339100346,Slight or No change,1050.2533333333333,1100.9826190476192,20.655006850583558
2018-10-30,1049.51,1020.01,1050.9,1013.97,2990000.0,10,2018,3138034900.0,0.014283919476578475,Slight or No change,1038.1266666666668,1096.0704761904763,26.492767852261753
2018-10-31,1090.58,1068.2,1108.0,1068.2,3550000.0,10,2018,3871559000.0,0.03913254756981832,Slight or No change,1088.9266666666665,1095.6916666666668,26.558940894792403
2018-11-01,1085.98,1091.4,1099.9,1077.82,2010000.0,11,2018,2182819800.0,-0.004217939078288491,Slight or No change,1087.9,1093.841666666667,26.09861294903103
2018-11-02,1071.49,1089.0,1098.0,1067.66,2170000.0,11,2018,2325133300.0,-0.013342787159984493,Slight or No change,1079.05,1091.8104761904763,26.06151873414591
2018-11-05,1055.73,1072.53,1073.35,1034.0,2270000.0,11,2018,2396507100.0,-0.0147084900465706,Slight or No change,1054.36,1086.617142857143,25.737708205811483
2018-11-06,1069.57,1055.02,1079.82,1053.61,1430000.0,11,2018,1529485100.0,0.013109412444469726,Slight or No change,1067.6666666666667,1082.1983333333335,22.964571477875612
2018-11-07,1108.24,1083.49,1109.93,1080.59,2170000.0,11,2018,2404880800.0,0.0361547163813496,Slight or No change,1099.5866666666668,1081.7735714285716,22.551029406424952
2018-11-08,1094.63,1107.3,1108.22,1084.36,1690000.0,11,2018,1849924700.0,-0.012280733415144685,Slight or No change,1095.7366666666667,1080.9176190476194,21.70187826873021
2018-11-09,1077.02,1084.02,1088.35,1064.26,1740000.0,11,2018,1874014800.0,-0.016087627782903957,Slight or No change,1076.5433333333333,1078.4550000000002,19.90498179922328
2018-11-12,1049.36,1073.13,1074.1,1040.35,1700000.0,11,2018,1783911999.9999995,-0.02568197433659547,Slight or No change,1054.6033333333332,1074.9285714285716,19.403260617447206
2018-11-13,1047.97,1054.81,1066.66,1040.4,1290000.0,11,2018,1351881300.0,-0.0013246169093541482,Slight or No change,1051.676666666667,1073.172142857143,20.362096747238123
2018-11-14,1054.58,1060.0,1065.79,1041.11,1730000.0,11,2018,1824423400.0,0.006307432464669693,Slight or No change,1053.8266666666666,1069.9464285714287,19.517604171326173
2018-11-15,1071.05,1051.46,1078.87,1041.29,2080000.0,11,2018,2227784000.0,0.015617591837508769,Slight or No change,1063.7366666666667,1068.7138095238095,19.310091992201816
2018-11-16,1068.27,1065.23,1072.44,1054.9,1770000.0,11,2018,1890837900.0,-0.0025955837729331192,Slight or No change,1065.2033333333334,1069.7816666666665,18.611421810138992
2018-11-19,1027.42,1063.39,1068.0,1022.87,2280000.0,11,2018,2342517600.0,-0.03823939640727525,Slight or No change,1039.43,1069.874761904762,18.443403226860507
2018-11-20,1030.45,1007.29,1037.35,1002.21,2720000.0,11,2018,2802824000.0,0.002949134725818148,Slight or No change,1023.3366666666667,1065.1897619047618,21.33541417994003
2018-11-21,1043.43,1045.31,1054.7,1039.45,1490000.0,11,2018,1554710700.0,0.012596438449221205,Slight or No change,1045.86,1062.1869047619048,20.846035121357314
2018-11-23,1030.1,1033.5,1043.0,1028.52,708860.0,11,2018,730196685.9999999,-0.012775174185139515,Slight or No change,1033.8733333333332,1058.96,21.520574929568486
2018-11-26,1055.94,1044.0,1057.0,1039.77,1580000.0,11,2018,1668385200.0,0.02508494320939736,Slight or No change,1050.9033333333334,1058.7130952380953,21.597103258764704
2018-11-27,1052.28,1051.34,1066.76,1045.5,1650000.0,11,2018,1736262000.0,-0.003466106028751748,Slight or No change,1054.8466666666666,1057.797380952381,21.459616224676587
2018-11-28,1091.79,1057.46,1092.86,1042.95,2300000.0,11,2018,2511117000.0,0.03754704071159765,Slight or No change,1075.8666666666666,1056.1030952380954,18.660247543923642
2018-11-29,1094.58,1083.53,1100.15,1082.0,1550000.0,11,2018,1696599000.0,0.0025554364850381983,Slight or No change,1092.2433333333333,1055.8535714285715,18.104585170958032
2018-11-30,1109.65,1095.63,1109.65,1083.18,2980000.0,11,2018,3306757000.0000005,0.01376783789215974,Slight or No change,1100.8266666666666,1057.5880952380953,21.146887537012994
2018-12-03,1116.36,1132.16,1135.0,1111.73,2880000.0,12,2018,3215116799.9999995,0.006046951741540019,Slight or No change,1121.03,1062.3328571428572,27.053037425469753
2018-12-04,1062.47,1112.99,1114.24,1060.78,2280000.0,12,2018,2422431600.0,-0.04827295854383884,Slight or No change,1079.1633333333332,1064.2961904761908,27.217095710254192
2018-12-06,1078.08,1045.0,1079.42,1042.48,2370000.0,12,2018,2555049600.0,0.014692179543893012,Slight or No change,1066.66,1065.2128571428573,27.052977460890144
2018-12-07,1046.58,1072.23,1085.03,1039.37,2130000.0,12,2018,2229215400.0,-0.02921861086375777,Slight or No change,1056.993333333333,1064.7311904761907,27.141169491747608
2018-12-10,1053.18,1042.94,1059.6,1033.0,1680000.0,12,2018,1769342400.0,0.006306254658029031,Slight or No change,1048.5933333333332,1063.5447619047623,27.479868146659484
2018-12-11,1061.65,1066.94,1070.4,1050.1,1690000.0,12,2018,1794188500.0000005,0.008042309956512783,Slight or No change,1060.7166666666667,1065.0652380952386,26.618344606626284
2018-12-12,1073.73,1077.08,1091.73,1071.97,1450000.0,12,2018,1556908500.0,0.011378514576366959,Slight or No change,1079.1433333333332,1069.0514285714291,23.931688991234783
2018-12-13,1073.54,1075.67,1088.42,1064.99,1250000.0,12,2018,1341925000.0,-0.00017695323777866534,Slight or No change,1075.6499999999999,1071.1792857142862,23.017960403997716
2018-12-14,1051.71,1060.02,1071.72,1049.37,1820000.0,12,2018,1914112200.0,-0.020334593960169126,Slight or No change,1057.6000000000001,1072.874047619048,20.829336526504367
2018-12-17,1025.65,1047.01,1062.38,1016.63,2500000.0,12,2018,2564125000.0,-0.02477869374637487,Slight or No change,1034.8866666666668,1071.7300000000005,22.50162622803158
2018-12-18,1043.41,1034.0,1059.69,1030.48,2180000.0,12,2018,2274633800.0,0.01731584848632584,Slight or No change,1044.5266666666666,1070.9928571428577,23.25373165006618
2018-12-19,1035.46,1047.29,1075.71,1019.43,2910000.0,12,2018,3013188600.0,-0.007619248425834613,Slight or No change,1043.5333333333333,1068.6833333333338,24.313917016470416
2018-12-20,1023.58,1026.0,1047.44,1007.86,2680000.0,12,2018,2743194400.0,-0.011473161686593404,Slight or No change,1026.2933333333333,1063.9726190476194,25.744801090924575
2018-12-21,991.25,1032.04,1037.67,981.19,5230000.0,12,2018,5184237500.0,-0.03158522050059598,Slight or No change,1003.37,1057.0114285714292,28.082809375445454
2018-12-24,984.67,984.32,1012.12,977.66,1820000.0,12,2018,1792099400.0,-0.006638083228247216,Slight or No change,991.4833333333332,1047.7580952380956,26.673509849975336
2018-12-26,1047.85,997.99,1048.45,992.64,2320000.0,12,2018,2431012000.0,0.06416362842373591,Slight or No change,1029.6466666666668,1044.221190476191,25.44343468479079
2018-12-27,1052.9,1026.2,1053.34,1007.0,2300000.0,12,2018,2421670000.0,0.004819392088562413,Slight or No change,1037.7466666666667,1042.1559523809528,24.642825698870265
2018-12-28,1046.68,1059.5,1064.23,1042.0,1720000.0,12,2018,1800289600.0,-0.005907493589134782,Slight or No change,1050.97,1041.7257142857147,24.415384894283598
2018-12-31,1044.96,1057.83,1062.99,1033.04,1660000.0,12,2018,1734633600.0,-0.0016432911682654485,Slight or No change,1046.9966666666667,1041.6116666666671,24.384547290880523
2019-01-02,1054.68,1027.2,1060.79,1025.28,1590000.0,1,2019,1676941200.0,0.009301791456132413,Slight or No change,1046.9166666666667,1040.6259523809526,23.82535664179362
2019-01-03,1025.47,1050.67,1066.26,1022.37,2100000.0,1,2019,2153487000.0,-0.027695604353927258,Slight or No change,1038.0333333333335,1037.6895238095242,21.089252654695063
2019-01-04,1078.07,1042.56,1080.0,1036.86,2300000.0,1,2019,2479561000.0,0.05129355319999607,Slight or No change,1064.9766666666665,1036.9271428571433,19.762608000197208
2019-01-07,1075.92,1080.97,1082.7,1062.64,2370000.0,1,2019,2549930400.0,-0.001994304636990018,Slight or No change,1073.7533333333333,1038.0809523809528,21.460970275759436
2019-01-08,1085.37,1086.0,1093.35,1068.35,1770000.0,1,2019,1921104900.0,0.008783180905643341,Slight or No change,1082.3566666666666,1041.471666666667,24.458175280142584
2019-01-09,1081.65,1087.99,1091.64,1074.37,1350000.0,1,2019,1460227500.0000002,-0.0034274026368885657,Slight or No change,1082.5533333333335,1044.1878571428574,26.8209347564321
2019-01-10,1078.83,1074.94,1079.81,1064.68,1330000.0,1,2019,1434843900.0,-0.002607127998890735,Slight or No change,1074.4399999999998,1046.3954761904765,28.008579229221166
2019-01-11,1064.47,1069.9,1073.37,1056.43,1540000.0,1,2019,1639283800.0,-0.013310716238888355,Slight or No change,1064.756666666667,1049.1428571428576,27.77050230093796
2019-01-14,1051.51,1053.34,1058.45,1048.55,1420000.0,1,2019,1493144200.0,-0.012175073041043928,Slight or No change,1052.8366666666668,1052.6761904761909,24.446673409309632
2019-01-15,1086.51,1058.01,1088.27,1054.44,1880000.0,1,2019,2042638800.0,0.033285465663664526,Slight or No change,1076.4066666666668,1058.742142857143,17.69994951980583
2019-01-16,1089.51,1090.0,1102.36,1088.01,1910000.0,1,2019,2080964100.0,0.002761134273959742,Slight or No change,1093.2933333333333,1063.2883333333334,17.825295181023375
2019-01-17,1099.12,1087.99,1100.7,1083.26,1240000.0,1,2019,1362908799.9999998,0.008820478930895437,Slight or No change,1094.36,1067.332142857143,18.005924504928554
2019-01-18,1107.3,1108.59,1118.0,1099.28,2240000.0,1,2019,2480352000.0,0.007442317490355955,Slight or No change,1108.1933333333334,1071.419523809524,20.34849593791417
2019-01-22,1078.63,1096.0,1098.97,1070.89,1980000.0,1,2019,2135687400.0,-0.025891808904542457,Slight or No change,1082.8300000000002,1073.9790476190478,19.26496117145721
2019-01-23,1084.41,1086.86,1092.95,1067.57,1260000.0,1,2019,1366356600.0,0.005358649397847247,Slight or No change,1081.6433333333334,1076.4595238095242,17.683181098798944
2019-01-24,1084.0,1082.51,1088.0,1070.02,1460000.0,1,2019,1582640000.0,-0.00037808577936393467,Slight or No change,1080.6733333333334,1079.5052380952386,13.801751388572804
2019-01-25,1101.51,1094.23,1103.36,1091.8,1160000.0,1,2019,1277751600.0,0.01615313653136541,Slight or No change,1098.89,1081.9276190476194,14.029877546881728
2019-01-28,1079.86,1090.07,1093.37,1074.61,1470000.0,1,2019,1587394199.9999998,-0.019654837450409083,Slight or No change,1082.613333333333,1082.5604761904765,13.831211011564776
2019-01-29,1070.06,1081.04,1084.73,1066.02,985250.0,1,2019,1054276615.0,-0.00907525049543456,Slight or No change,1073.6033333333332,1081.9352380952382,14.037442039018764
2019-01-30,1097.99,1077.36,1099.52,1076.64,1470000.0,1,2019,1614045300.0,0.02610134011176957,Slight or No change,1091.3833333333332,1082.5659523809525,14.263893043265826
2019-01-31,1125.89,1112.24,1127.67,1105.25,2010000.0,1,2019,2263038900.0,0.025410067486953517,Slight or No change,1119.6033333333335,1085.7919047619048,17.10826184751852
2019-02-01,1118.62,1122.29,1134.4,1114.25,1660000.0,2,2019,1856909200.0,-0.0064571139276485825,Slight or No change,1122.4233333333334,1089.9109523809525,18.53655987541087
2019-02-04,1141.42,1119.01,1142.34,1117.51,3920000.0,2,2019,4474366400.0,0.02038225670915961,Slight or No change,1133.7566666666667,1095.6909523809525,18.70228097193385
2019-02-05,1151.87,1129.63,1152.77,1123.6,4110000.0000000005,2,2019,4734185700.0,0.009155262742899016,Slight or No change,1142.7466666666667,1100.429523809524,21.617440998217287
2019-02-06,1122.89,1149.27,1154.0,1118.36,2410000.0,2,2019,2706164900.0000005,-0.02515908913332221,Slight or No change,1131.75,1103.1764285714287,23.037576382510974
2019-02-07,1105.91,1111.82,1111.99,1093.59,1910000.0,2,2019,2112288100.0,-0.015121694912235362,Slight or No change,1103.83,1103.8528571428574,22.897398234509044
2019-02-08,1102.38,1094.88,1105.1,1094.24,1090000.0,2,2019,1201594200.0,-0.003191941478058791,Slight or No change,1100.5733333333335,1103.3085714285717,22.876842645482814
2019-02-11,1102.12,1103.75,1113.43,1100.0,924880.0,2,2019,1019328745.6,-0.00023585333551068286,Slight or No change,1105.1833333333334,1104.9052380952385,22.104648144612543
2019-02-12,1127.58,1111.01,1132.86,1111.01,1750000.0,2,2019,1973265000.0,0.02310093274779512,Slight or No change,1123.8166666666666,1107.9176190476194,21.557588127173716
2019-02-13,1128.63,1133.04,1142.85,1126.0,1400000.0,2,2019,1580082000.0000002,0.000931197786409932,Slight or No change,1132.4933333333333,1111.619047619048,20.96038658662729
2019-02-14,1129.2,1125.0,1136.13,1117.09,1060000.0,2,2019,1196952000.0,0.0005050370803540981,Slight or No change,1127.4733333333334,1113.6607142857144,21.01714237972387
2019-02-15,1119.63,1139.3,1139.3,1116.72,1390000.0,2,2019,1556285700.0000002,-0.008475026567481336,Slight or No change,1125.2166666666667,1116.70380952381,19.179952936012544
2019-02-19,1126.51,1116.64,1129.64,1116.64,1100000.0,2,2019,1239161000.0,0.006144887150219214,Slight or No change,1124.2633333333333,1120.3223809523813,14.672046299443235
2019-02-20,1120.59,1128.88,1130.93,1111.75,1200000.0,2,2019,1344708000.0,-0.005255168618121475,Slight or No change,1121.0900000000001,1122.4442857142863,12.08489934528443
2019-02-21,1104.21,1118.78,1119.15,1097.98,1660000.0,2,2019,1832988600.0,-0.01461729981527582,Slight or No change,1107.1133333333335,1121.5521428571433,12.753299798043189
2019-02-22,1116.56,1109.7,1117.25,1100.5,1470000.0,2,2019,1641343200.0,0.011184466722815369,Slight or No change,1111.4366666666667,1120.7673809523815,13.030580873934568
2019-02-25,1117.33,1121.93,1125.4,1114.11,1310000.0,2,2019,1463702300.0,0.0006896181127749035,Slight or No change,1118.9466666666667,1119.7095238095246,12.484683187240877
2019-02-26,1122.01,1114.37,1126.43,1106.7,1750000.0,2,2019,1963517500.0,0.004188556648438757,Slight or No change,1118.38,1117.9690476190483,10.57909100748386
2019-02-27,1122.89,1114.01,1125.73,1108.56,1100000.0,2,2019,1235179000.0,0.0007843067352342192,Slight or No change,1119.0600000000002,1117.0626190476198,9.824209167937884
2019-02-28,1126.55,1119.0,1133.99,1118.41,1370000.0,2,2019,1543373500.0,0.003259446606524108,Slight or No change,1126.3166666666666,1118.6688095238103,9.319596540107757
2019-03-01,1148.52,1131.0,1150.0,1131.0,1700000.0,3,2019,1952484000.0,0.019502019439882945,Slight or No change,1143.1733333333334,1121.7116666666675,9.893716537436147
2019-03-04,1153.42,1154.56,1165.52,1138.25,1770000.0,3,2019,2041553400.0,0.0042663601852819255,Slight or No change,1152.3966666666668,1125.0840476190483,11.7069184876402
2019-03-05,1169.19,1156.0,1176.49,1153.02,2000000.0,3,2019,2338380000.0,0.013672383000121302,Slight or No change,1166.2333333333333,1128.1138095238105,16.040382418506418
2019-03-06,1164.94,1171.76,1174.74,1163.05,1180000.0,3,2019,1374629200.0,-0.0036349951675946897,Slight or No change,1167.5766666666666,1130.6197619047628,19.205447921189997
2019-03-07,1150.85,1160.5,1163.58,1141.71,1500000.0,3,2019,1726274999.9999998,-0.01209504352155488,Slight or No change,1152.0466666666666,1132.375000000001,20.002154061352446
2019-03-08,1149.97,1133.9,1153.45,1130.2,1180000.0,3,2019,1356964600.0,-0.0007646522135811296,Slight or No change,1144.54,1133.7552380952388,20.136447743253743
2019-03-11,1179.26,1152.0,1179.91,1151.57,1500000.0,3,2019,1768890000.0,0.025470229658165037,Slight or No change,1170.2466666666667,1137.0397619047628,22.12149948026243
2019-03-12,1197.25,1182.3,1205.71,1182.3,2110000.0,3,2019,2526197500.0,0.015255329613486525,Slight or No change,1195.0866666666668,1142.3252380952388,26.436615397960757
2019-03-13,1199.06,1205.93,1207.12,1197.91,1290000.0,3,2019,1546787400.0,0.0015117978701189028,Slight or No change,1201.3633333333332,1149.057380952382,28.684952134138033
2019-03-14,1192.53,1199.02,1204.7,1191.23,1370000.0,3,2019,1633766100.0,-0.005445932647240359,Slight or No change,1196.1533333333334,1155.1085714285723,29.071289202956205
2019-03-15,1190.3,1198.0,1201.72,1187.01,2590000.0,3,2019,3082877000.0,-0.00186997392099153,Slight or No change,1193.01,1160.3988095238105,28.72126040633509
2019-03-18,1188.55,1189.69,1194.95,1181.48,1220000.0,3,2019,1450031000.0,-0.0014702175922036707,Slight or No change,1188.3266666666668,1165.395000000001,26.874005702140817
2019-03-19,1202.46,1191.72,1203.4,1189.46,1490000.0,3,2019,1791665400.0,0.011703335997644173,Slight or No change,1198.44,1171.0650000000007,24.62599247859104
2019-03-20,1226.43,1201.4,1229.99,1199.59,2080000.0,3,2019,2550974400.0,0.019934135023202515,Slight or No change,1218.67,1177.6616666666673,24.080493391246755
2019-03-21,1236.13,1220.0,1236.44,1216.58,1410000.0,3,2019,1742943300.0000002,0.007909134642825055,Slight or No change,1229.7166666666667,1183.8433333333342,25.60590069549244
2019-03-22,1207.65,1228.85,1233.63,1206.0,1720000.0,3,2019,2077158000.0,-0.0230396479334698,Slight or No change,1215.76,1188.3692857142864,25.21691937028679
2019-03-25,1197.38,1199.56,1209.44,1190.0,1380000.0,3,2019,1652384400.0000002,-0.008504119571067779,Slight or No change,1198.94,1190.7054761904767,24.513638123081147
2019-03-26,1189.84,1205.19,1207.65,1181.76,1540000.0,3,2019,1832353600.0,-0.006297081962284512,Slight or No change,1193.0833333333333,1192.5273809523812,23.59299367890125
2019-03-27,1178.01,1191.92,1191.92,1164.23,1470000.0,3,2019,1731674700.0,-0.009942513279096343,Slight or No change,1178.0533333333333,1194.3850000000004,21.0469820704437
2019-03-28,1172.27,1175.5,1177.25,1163.43,1120000.0,3,2019,1312942400.0,-0.0048726241712718785,Slight or No change,1170.9833333333333,1196.2738095238099,17.03356068176776
2019-03-29,1176.89,1180.18,1183.97,1166.38,1540000.0,3,2019,1812410600.0,0.003941071596134105,Slight or No change,1175.746666666667,1196.6666666666672,16.440192722477775
2019-04-01,1198.98,1187.54,1200.2,1186.36,1390000.0,4,2019,1666582200.0,0.01876980856324706,Slight or No change,1195.18,1196.6733333333339,16.43952164130533
2019-04-02,1205.54,1200.05,1205.81,1191.24,914410.0,4,2019,1102357831.4,0.005471317286360078,Slight or No change,1200.8633333333335,1196.6376190476196,16.429088827656706
2019-04-03,1210.81,1212.7,1220.6,1205.08,1110000.0,4,2019,1343999100.0,0.004371484977686357,Slight or No change,1212.1633333333332,1197.7811904761911,16.941980560472565
2019-04-04,1219.45,1211.29,1220.55,1209.04,1050000.0,4,2019,1280422500.0,0.007135719064097713,Slight or No change,1216.3466666666666,1199.4480952380961,17.57273197068076
2019-04-05,1211.45,1219.3,1220.39,1210.03,1000000.0,4,2019,1211450000.0,-0.006560334577063398,Slight or No change,1213.9566666666667,1201.2788095238102,17.65982637809884
2019-04-08,1208.28,1211.11,1213.95,1204.69,1090000.0,4,2019,1317025200.0,-0.002616698997069733,Slight or No change,1208.9733333333334,1202.0311904761913,17.75371003033868
2019-04-09,1202.69,1201.89,1207.15,1198.38,983840.0,4,2019,1183254529.6,-0.004626411096765537,Slight or No change,1202.74,1200.8933333333346,17.10387095687636
2019-04-10,1206.45,1205.09,1208.94,1200.66,775460.0,4,2019,935553717.0,0.0031263251544455532,Slight or No change,1205.3500000000001,1199.1528571428582,15.063248583075735
2019-04-11,1209.59,1208.9,1212.74,1204.54,849950.0,4,2019,1028091020.5,0.0026026772763063644,Slight or No change,1208.9566666666667,1198.6669047619057,14.5885369742869
2019-04-12,1222.73,1215.62,1223.05,1213.29,1220000.0,4,2019,1491730600.0,0.010863185046172674,Slight or No change,1219.69,1200.1490476190486,15.634950571241216
2019-04-15,1226.53,1224.09,1229.3,1214.56,1190000.0,4,2019,1459570700.0,0.0031077997595543305,Slight or No change,1223.4633333333331,1202.3190476190487,16.653894974650683
2019-04-16,1231.91,1230.0,1235.98,1225.04,1130000.0,4,2019,1392058300.0,0.004386358262741252,Slight or No change,1230.9766666666667,1206.0992857142867,16.728488530362075
2019-04-17,1240.14,1237.0,1245.1,1232.9,1520000.0,4,2019,1885012800.0,0.006680682842090668,Slight or No change,1239.38,1210.984761904763,15.635944329244504
2019-04-18,1241.47,1245.0,1245.94,1239.41,1240000.0,4,2019,1539422800.0,0.0010724595610172027,Slight or No change,1242.2733333333335,1215.7366666666678,14.140500420311623
2019-04-22,1253.76,1236.67,1254.34,1233.37,954420.0,4,2019,1196613619.2,0.009899554560319546,Slight or No change,1247.1566666666668,1219.4492857142868,15.117664325692177
2019-04-23,1270.59,1256.64,1274.43,1251.97,1590000.0,4,2019,2020238100.0,0.013423621745788594,Slight or No change,1265.6633333333332,1224.0778571428582,18.525321991374003
2019-04-24,1260.05,1270.59,1274.0,1259.81,1170000.0,4,2019,1474258500.0,-0.008295358849038648,Slight or No change,1264.62,1227.824761904763,21.06144408301828
2019-04-25,1267.34,1270.3,1272.8,1258.0,1570000.0,4,2019,1989723800.0,0.0057854847029878975,Slight or No change,1266.0466666666669,1231.3747619047626,23.07067716411519
2019-04-26,1277.42,1273.38,1278.91,1265.0,1360000.0,4,2019,1737291200.0,0.00795366673505149,Slight or No change,1273.7766666666666,1235.64761904762,25.05111551941094
2019-04-29,1296.2,1280.51,1296.97,1271.71,3620000.0,4,2019,4692244000.0,0.014701507726511132,Slight or No change,1288.2933333333333,1241.3133333333342,27.412670163086407
2019-04-30,1198.96,1190.63,1200.98,1183.0,6660000.0,4,2019,7985073600.0,-0.0750192871470452,Slight or No change,1194.3133333333333,1240.7114285714292,28.399531707777925
2019-05-01,1173.32,1197.5,1199.25,1171.67,3720000.0,5,2019,4364750400.0,-0.02138520050710624,Slight or No change,1181.4133333333332,1239.0016666666675,31.267876958425934
2019-05-02,1166.51,1172.6,1179.38,1158.33,2250000.0,5,2019,2624647500.0,-0.0058040432277639544,Slight or No change,1168.0733333333335,1236.0814285714296,35.861463203575845
2019-05-03,1189.55,1177.41,1191.4,1173.55,2080000.0,5,2019,2474264000.0,0.01975122373575866,Slight or No change,1184.8333333333333,1233.5916666666676,38.2194901894565
2019-05-06,1193.46,1172.0,1195.43,1171.15,1590000.0,5,2019,1897601400.0,0.0032869572527427504,Slight or No change,1186.68,1230.9642857142867,40.18319596970254
2019-05-07,1178.86,1185.81,1194.77,1165.0,1830000.0,5,2019,2157313800.0,-0.012233338360732815,Slight or No change,1179.5433333333333,1227.2904761904774,42.46819445098671
2019-05-08,1170.78,1177.29,1184.27,1167.63,1280000.0,5,2019,1498598400.0,-0.006854079364809973,Slight or No change,1174.2266666666667,1222.6366666666677,44.55982850325384
2019-05-09,1167.97,1162.6,1174.07,1154.64,1480000.0,5,2019,1728595600.0,-0.002400109328823508,Slight or No change,1165.5600000000002,1217.157142857144,46.628080656818575
2019-05-10,1167.64,1168.84,1176.28,1146.37,1580000.0,5,2019,1844871200.0,-0.0002825415036344925,Slight or No change,1163.43,1211.1766666666679,47.83804560010452
2019-05-13,1136.59,1145.24,1151.97,1125.5,2280000.0,5,2019,2591425200.0,-0.02659210030488868,Slight or No change,1138.0200000000002,1202.059285714287,48.80853489849705
2019-05-14,1124.86,1142.32,1144.87,1123.53,2020000.0,5,2019,2272217200.0,-0.01032034418743788,Slight or No change,1131.0866666666664,1192.5211904761916,48.68988684911693
2019-05-15,1170.8,1122.55,1178.3,1121.4,2970000.0,5,2019,3477276000.0,0.040840637946055525,Slight or No change,1156.8333333333333,1184.7202380952392,44.57907886653328
2019-05-16,1184.5,1171.84,1194.16,1168.45,1770000.0,5,2019,2096565000.0,0.011701400751622959,Slight or No change,1182.3700000000001,1178.1911904761914,36.492889943419584
2019-05-17,1168.78,1175.83,1186.29,1166.42,1270000.0,5,2019,1484350600.0,-0.013271422541156652,Slight or No change,1173.83,1170.0152380952393,18.130286118132414
2019-05-20,1144.66,1153.0,1153.0,1138.13,1530000.0,5,2019,1751329800.0000002,-0.02063690343777258,Slight or No change,1145.2633333333333,1166.511666666668,17.81011758696746
2019-05-21,1154.44,1154.48,1158.0,1143.31,1030000.0,5,2019,1189073200.0,0.008544021805601655,Slight or No change,1151.9166666666667,1164.404761904763,17.655706068481837
2019-05-22,1155.85,1151.25,1163.78,1151.0,941280.0,5,2019,1087978488.0,0.0012213714008522116,Slight or No change,1156.8766666666666,1163.6050000000012,17.730179773098598
2019-05-23,1145.34,1146.07,1150.05,1133.16,1260000.0,5,2019,1443128400.0,-0.009092875373101994,Slight or No change,1142.8500000000001,1160.6061904761914,17.41108939566688
2019-05-24,1138.61,1152.0,1154.36,1136.71,927650.0,5,2019,1056231566.5,-0.005875984423839187,Slight or No change,1143.2266666666665,1157.502380952382,16.239154667728705
2019-05-28,1139.56,1141.48,1156.49,1138.67,1050000.0,5,2019,1196538000.0,0.0008343506556240943,Slight or No change,1144.9066666666665,1155.0283333333343,15.229999621195333
2019-05-29,1119.94,1132.7,1135.0,1111.95,1810000.0,5,2019,2027091400.0,-0.01721717153989255,Slight or No change,1122.2966666666666,1151.3190476190487,16.468035105010244
2019-05-30,1121.41,1120.15,1126.8,1115.9,904420.0,5,2019,1014225632.2,0.001312570316266859,Slight or No change,1121.37,1148.1626190476202,17.716156235434116
2019-05-31,1106.5,1105.64,1113.4,1103.35,1580000.0,5,2019,1748270000.0,-0.013295761585860766,Slight or No change,1107.75,1144.1854761904772,20.11285091621999
2019-06-03,1038.74,1066.93,1067.0,1027.03,4840000.0,6,2019,5027501600.0,-0.0612381382738364,Slight or No change,1044.2566666666664,1137.488095238096,33.487808515485064
2019-06-04,1054.49,1044.49,1058.44,1036.03,3030000.0,6,2019,3195104700.0,0.01516260084332943,Slight or No change,1049.6533333333334,1131.6714285714295,40.93045669158553
2019-06-05,1044.64,1055.0,1056.81,1033.0,2350000.0,6,2019,2454904000.0,-0.009341008449582187,Slight or No change,1044.8166666666666,1123.6702380952388,46.237922524981634
2019-06-06,1047.76,1046.21,1050.0,1035.51,1450000.0,6,2019,1519252000.0,0.0029866748353499784,Slight or No change,1044.4233333333334,1113.8169047619056,47.449136014115474
2019-06-07,1068.37,1054.28,1073.43,1051.15,2190000.0,6,2019,2339730299.9999995,0.01967053523707718,Slight or No change,1064.3166666666666,1105.9945238095247,45.79260401237856
2019-06-10,1082.76,1077.0,1094.84,1075.28,1430000.0,6,2019,1548346800.0,0.013469116504581937,Slight or No change,1084.2933333333333,1101.6395238095247,44.655856266576905
2019-06-11,1081.04,1096.99,1104.01,1079.57,1680000.0,6,2019,1816147200.0,-0.0015885330082382465,Slight or No change,1088.2066666666667,1097.0888095238104,42.32349414442864
2019-06-12,1079.1,1079.95,1082.52,1069.6,1180000.0,6,2019,1273338000.0,-0.0017945681935913613,Slight or No change,1077.0733333333333,1091.388571428572,38.88617458520001
2019-06-13,1091.01,1084.71,1096.59,1082.57,1040000.0,6,2019,1134650400.0,0.011036975257158854,Slight or No change,1090.0566666666666,1087.6176190476197,35.96169292452232
2019-06-14,1086.3,1089.74,1094.76,1081.48,1230000.0,6,2019,1336149000.0,-0.004317100668188245,Slight or No change,1087.5133333333333,1083.6380952380962,32.22289656066857
2019-06-17,1093.89,1089.1,1101.28,1088.0,988490.0,6,2019,1081299326.1,0.006987020160176939,Slight or No change,1094.39,1080.0297619047628,27.28423108227542
2019-06-18,1105.24,1111.5,1118.78,1100.79,1730000.0,6,2019,1912065200.0,0.01037581475285432,Slight or No change,1108.2699999999998,1079.027857142858,25.831624744397605
2019-06-19,1104.51,1107.24,1109.43,1096.03,1340000.0,6,2019,1480043400.0,-0.0006604900293148973,Slight or No change,1103.3233333333335,1077.7388095238105,23.936931506081343
2019-06-20,1113.2,1121.7,1122.72,1107.0,1200000.0,6,2019,1335840000.0,0.00786774225674747,Slight or No change,1114.3066666666666,1078.2071428571437,24.62357045552312
2019-06-21,1125.37,1109.86,1126.57,1109.72,2540000.0,6,2019,2858439799.9999995,0.010932446999640577,Slight or No change,1120.5533333333333,1083.6569047619057,24.97218334396647
2019-06-24,1116.7,1120.0,1123.57,1113.31,1210000.0,6,2019,1351207000.0,-0.007704132862969337,Slight or No change,1117.86,1088.5288095238104,24.476427753408956
2019-06-25,1087.58,1115.08,1115.7,1084.6,1580000.0,6,2019,1718376400.0,-0.026076833527357457,Slight or No change,1095.96,1092.1819047619058,21.023579058636933
2019-06-26,1080.32,1091.0,1095.12,1073.69,1730000.0,6,2019,1868953600.0,-0.006675371007190289,Slight or No change,1083.0433333333333,1094.940476190477,16.271678339839337
2019-06-27,1076.63,1086.75,1088.46,1075.85,1200000.0,6,2019,1291956000.0000002,-0.003415654620852915,Slight or No change,1080.3133333333333,1096.0830952380961,14.411094044622764
2019-06-28,1082.8,1077.23,1082.8,1073.8,1680000.0,6,2019,1819104000.0,0.005730845322905687,Slight or No change,1079.8,1095.7621428571435,14.74014343174308
2019-07-01,1100.0,1101.04,1108.59,1095.33,1460000.0,7,2019,1606000000.0,0.015884743258219425,Slight or No change,1101.3066666666666,1096.6978571428579,14.639074255396917
2019-07-02,1112.6,1104.83,1112.89,1099.67,1030000.0,7,2019,1145978000.0,0.011454545454545384,Slight or No change,1108.3866666666668,1098.9345238095245,13.776795653337778
2019-07-03,1122.99,1118.5,1127.99,1114.85,1010000.0,7,2019,1134219900.0,0.009338486428186243,Slight or No change,1121.9433333333334,1101.2121428571434,14.794397507811013
2019-07-05,1132.66,1119.37,1134.65,1117.5,1490000.0,7,2019,1687663400.0000002,0.00861094043580102,Slight or No change,1128.2700000000002,1104.1233333333341,15.862836103006453
2019-07-08,1116.79,1125.87,1127.21,1111.76,1490000.0,7,2019,1664017100.0,-0.014011265516571723,Slight or No change,1118.5866666666668,1105.8516666666674,16.037971116118225
2019-07-09,1124.29,1110.32,1127.86,1107.15,1470000.0,7,2019,1652706300.0,0.0067156761790487796,Slight or No change,1119.7666666666667,1106.6728571428578,16.46009782075109
2019-07-10,1140.91,1132.32,1142.34,1130.66,1540000.0,7,2019,1757001400.0000002,0.01478266283610119,Slight or No change,1137.97,1109.1476190476199,18.40715215087126
2019-07-11,1144.08,1146.16,1153.24,1139.53,1300000.0,7,2019,1487304000.0,0.002778483841845425,Slight or No change,1145.6166666666666,1111.3840476190483,20.82538269535248
2019-07-12,1145.34,1142.93,1147.5,1138.56,1090000.0,7,2019,1248420600.0,0.0011013215859030367,Slight or No change,1143.8,1113.0445238095242,22.474212519871514
2019-07-15,1150.51,1145.34,1150.68,1140.0,1060000.0,7,2019,1219540600.0,0.0045139434578378435,Slight or No change,1147.0633333333335,1115.1304761904769,24.24132961069447
2019-07-16,1153.46,1146.73,1158.58,1146.73,1270000.0,7,2019,1464894200.0,0.00256408027744226,Slight or No change,1152.9233333333334,1119.1992857142864,25.522790324459944
2019-07-17,1146.74,1150.92,1158.44,1146.62,976890.0,7,2019,1120238838.6,-0.005825949751183446,Slight or No change,1150.6000000000001,1124.0247619047625,24.528046138551588
2019-07-18,1147.24,1142.0,1148.17,1132.86,1270000.0,7,2019,1456994800.0,0.0004360186267158284,Slight or No change,1142.7566666666664,1128.4850000000004,21.4526468691482
2019-07-19,1131.55,1149.32,1151.58,1131.25,1160000.0,7,2019,1312598000.0,-0.013676301384191623,Slight or No change,1138.1266666666668,1132.6511904761908,16.320212239233996
2019-07-22,1139.21,1135.47,1140.02,1125.21,1450000.0,7,2019,1651854500.0,0.006769475498210387,Slight or No change,1134.8133333333333,1135.044523809524,13.600181912256273
2019-07-23,1148.05,1143.45,1148.86,1132.85,1030000.0,7,2019,1182491500.0,0.007759763344773906,Slight or No change,1143.2533333333333,1137.5350000000003,11.349188136936746
2019-07-24,1139.73,1132.62,1145.45,1128.51,1360000.0,7,2019,1550032800.0,-0.0072470711205957486,Slight or No change,1137.8966666666668,1138.674523809524,10.426683438833365
2019-07-25,1135.94,1138.95,1143.59,1123.71,2740000.0,7,2019,3112475600.0,-0.0033253489861633234,Slight or No change,1134.4133333333334,1139.1133333333335,10.078584811119889
2019-07-26,1245.22,1228.0,1268.39,1228.0,6060000.0,7,2019,7546033200.0,0.09620226420409517,Slight or No change,1247.2033333333336,1148.3002380952385,29.61422127371278
2019-07-29,1241.84,1242.5,1248.99,1230.2,2070000.0,7,2019,2570608799.9999995,-0.0027143797883105725,Slight or No change,1240.3433333333332,1156.9128571428575,37.231410547812985
2019-07-30,1228.0,1227.0,1236.91,1225.32,1430000.0,7,2019,1756040000.0,-0.011144752947239487,Slight or No change,1230.0766666666666,1163.4919047619053,41.51779057891204
2019-07-31,1218.2,1224.87,1234.91,1208.18,2000000.0,7,2019,2436400000.0,-0.007980456026058569,Slight or No change,1220.43,1168.8357142857146,43.7924163599954
2019-08-01,1211.78,1217.63,1236.3,1207.0,1770000.0,8,2019,2144850600.0,-0.005270070595961296,Slight or No change,1218.36,1174.161428571429,45.02979110201543
2019-08-02,1196.32,1203.0,1209.5,1190.0,1750000.0,8,2019,2093560000.0,-0.012758091402729876,Slight or No change,1198.6066666666666,1177.8430952380954,44.750044825729766
2019-08-05,1154.75,1172.97,1176.88,1142.75,2390000.0,8,2019,2759852500.0,-0.03474822789888987,Slight or No change,1158.1266666666668,1178.2147619047623,44.54830893054741
2019-08-06,1171.08,1165.52,1181.4,1161.53,1800000.0,8,2019,2107944000.0,0.014141589088547237,Slight or No change,1171.3366666666668,1179.6959523809528,43.89952859156602
2019-08-07,1175.91,1157.8,1179.87,1150.84,1530000.0,8,2019,1799142300.0000005,0.004124397991597696,Slight or No change,1168.8733333333332,1181.561428571429,42.74890027504024
2019-08-08,1206.19,1186.43,1206.28,1174.0,1510000.0,8,2019,1821346900.0,0.025750270003656702,Slight or No change,1195.49,1185.6588095238099,40.97792773825533
2019-08-09,1188.9,1199.99,1204.46,1184.89,1020000.0,8,2019,1212678000.0,-0.014334391762491738,Slight or No change,1192.7500000000002,1189.7971428571434,38.28510314512406
2019-08-12,1174.5,1180.0,1185.61,1168.72,1100000.0,8,2019,1291950000.0,-0.012112036336109131,Slight or No change,1176.2766666666666,1192.155952380953,36.15492297054679
2019-08-13,1196.73,1174.35,1205.43,1172.99,1430000.0,8,2019,1711323900.0,0.018927203065134183,Slight or No change,1191.7166666666667,1196.0002380952387,32.63144229780146
2019-08-14,1164.25,1176.07,1182.79,1161.07,1770000.0,8,2019,2060722500.0,-0.027140624869435914,Slight or No change,1169.37,1198.4971428571432,28.651060685223342
2019-08-15,1169.32,1168.43,1176.42,1163.0,1430000.0,8,2019,1672127600.0,0.0043547348078161185,Slight or No change,1169.58,1192.9526190476195,25.876937102555043
2019-08-16,1179.21,1180.79,1183.84,1173.0,1270000.0,8,2019,1497596700.0,0.008457907159716838,Slight or No change,1178.6833333333334,1188.5483333333339,22.172697723981134
2019-08-19,1200.44,1191.83,1209.39,1190.4,1220000.0,8,2019,1464536800.0,0.0180035786670738,Slight or No change,1200.0766666666666,1186.4054761904767,19.085203899238838
2019-08-20,1183.53,1195.35,1198.0,1183.05,1010000.0,8,2019,1195365300.0,-0.014086501616074162,Slight or No change,1188.1933333333334,1184.1028571428576,16.423446074208798
2019-08-21,1191.58,1195.82,1200.56,1187.92,708270.0,8,2019,843960366.5999999,0.006801686480275127,Slight or No change,1193.3533333333332,1182.316666666667,13.513063068909865
2019-08-22,1191.52,1193.8,1198.78,1178.91,867920.0,8,2019,1034144038.4,-5.035331240865748e-05,Slight or No change,1189.7366666666667,1181.6830952380956,12.88382968920265
2019-08-23,1153.58,1185.17,1195.67,1150.0,1810000.0,8,2019,2087979800.0,-0.03184168121391173,Slight or No change,1166.4166666666667,1182.2752380952386,11.86837921338411
2019-08-26,1171.18,1159.45,1171.86,1154.85,1060000.0,8,2019,1241450800.0,0.015256852580662006,Slight or No change,1165.9633333333334,1181.891428571429,12.327340104076661
2019-08-27,1170.82,1183.0,1185.0,1164.56,1170000.0,8,2019,1369859400.0,-0.00030738229819504687,Slight or No change,1173.46,1182.219047619048,12.011656477395368
2019-08-28,1173.75,1164.87,1178.5,1160.25,840830.0,8,2019,986924212.5,0.0025025196016468247,Slight or No change,1170.8333333333333,1180.4578571428574,11.720231730095705
2019-08-29,1194.24,1186.42,1199.19,1185.28,982100.0,8,2019,1172863104.0,0.017456869009584652,Slight or No change,1192.9033333333334,1180.4688095238096,11.7326672018936
2019-08-30,1190.53,1200.35,1200.35,1185.72,903380.0,8,2019,1075500991.4,-0.0031065782422293737,Slight or No change,1192.1999999999998,1181.6061904761907,12.06220131694715
2019-09-03,1169.55,1181.85,1189.08,1163.71,1300000.0,9,2019,1520415000.0,-0.017622403467363323,Slight or No change,1174.1133333333335,1180.34880952381,11.84270041733146
2019-09-04,1182.27,1179.45,1184.88,1171.53,1070000.0,9,2019,1265028900.0,0.010875977940233428,Slight or No change,1179.56,1181.0766666666673,11.421690865291481
2019-09-05,1212.19,1193.66,1214.0,1192.69,1320000.0,9,2019,1600090800.0,0.025307247921371626,Slight or No change,1206.2933333333333,1183.699047619048,12.719899238205434
2019-09-06,1206.32,1209.14,1212.94,1203.26,948580.0,9,2019,1144291025.6,-0.004842475189533069,Slight or No change,1207.5066666666664,1185.7578571428578,14.103053291717574
2019-09-09,1205.27,1207.08,1220.55,1193.17,1590000.0,9,2019,1916379300.0,-0.0008704158100669713,Slight or No change,1206.3300000000002,1186.2045238095245,14.678715773677602
2019-09-10,1205.7,1196.09,1210.0,1196.01,1400000.0,9,2019,1687980000.0,0.00035676653363991834,Slight or No change,1203.9033333333334,1187.3266666666673,15.424018953691242
2019-09-11,1220.0,1203.89,1222.47,1202.28,1180000.0,9,2019,1439600000.0,0.011860330098697913,Slight or No change,1214.9166666666667,1188.8669047619055,17.061831920577188
2019-09-12,1234.97,1223.47,1242.41,1222.56,1580000.0,9,2019,1951252600.0,0.012270491803278771,Slight or No change,1233.3133333333335,1191.9795238095246,20.798428887786635
2019-09-13,1240.03,1232.11,1241.05,1227.08,1180000.0,9,2019,1463235400.0,0.0040972655206199535,Slight or No change,1236.0533333333333,1196.953571428572,22.4741480530021
2019-09-16,1231.63,1230.44,1239.02,1225.19,1410000.0,9,2019,1736598300.0000002,-0.006774029660572611,Slight or No change,1231.9466666666667,1201.6666666666674,22.39380309581428
2019-09-17,1229.88,1231.63,1235.0,1223.35,1050000.0,9,2019,1291374000.0,-0.001420881271161023,Slight or No change,1229.41,1205.663095238096,21.9610629973421
2019-09-18,1232.65,1230.24,1236.24,1216.47,892790.0,9,2019,1100497593.5,0.0022522522522523407,Slight or No change,1228.4533333333334,1209.7788095238104,20.265322644671787
2019-09-19,1238.75,1232.32,1244.34,1232.31,847000.0,9,2019,1049221250.0,0.004948687786476169,Slight or No change,1238.4666666666665,1213.0333333333344,20.992319881737515
2019-09-20,1229.84,1233.64,1242.8,1223.58,1940000.0,9,2019,2385889600.0,-0.007192734611503605,Slight or No change,1232.0733333333335,1215.8814285714295,20.650457610225008
2019-09-23,1234.69,1226.57,1239.68,1223.78,1200000.0,9,2019,1481628000.0,0.003943602419827164,Slight or No change,1232.7166666666667,1220.0673809523819,17.180666443728423
2019-09-24,1218.33,1240.0,1247.11,1210.64,1840000.0,9,2019,2241727200.0,-0.01325028954636398,Slight or No change,1225.36,1223.3388095238104,12.632715065529151
2019-09-25,1245.94,1216.01,1248.02,1209.2,1360000.0,9,2019,1694478400.0,0.02266216870634397,Slight or No change,1234.3866666666668,1225.345476190477,11.928454353359577
2019-09-26,1242.29,1242.14,1244.67,1231.82,1170000.0,9,2019,1453479300.0,-0.0029295150649309987,Slight or No change,1239.5933333333332,1227.6373809523816,11.303447487014127
2019-09-27,1225.95,1242.83,1244.99,1215.2,1720000.0,9,2019,2108634000.0,-0.013153128496566802,Slight or No change,1228.7133333333334,1229.236190476191,9.49635367334465
2019-09-30,1221.14,1220.6,1227.4,1213.42,1290000.0,9,2019,1575270600.0000002,-0.003923487907337098,Slight or No change,1220.6533333333334,1230.4326190476197,6.703736829921966
2019-10-01,1206.0,1222.49,1232.86,1205.55,1280000.0,10,2019,1543680000.0,-0.012398250814812495,Slight or No change,1214.8033333333333,1230.4245238095243,6.723952669338513
2019-10-02,1177.92,1196.5,1198.76,1172.63,1670000.0,10,2019,1967126400.0,-0.02328358208955217,Slight or No change,1183.1033333333335,1226.8380952380955,14.24679527402875
2019-10-03,1189.43,1183.34,1191.0,1163.14,1470000.0,10,2019,1748462100.0,0.00977146155935893,Slight or No change,1181.1900000000003,1222.919285714286,18.444207585791037
2019-10-04,1210.96,1194.29,1212.46,1190.97,1230000.0,10,2019,1489480800.0,0.01810110725305392,Slight or No change,1204.7966666666669,1220.98,18.84499203466085
2019-10-07,1208.25,1207.0,1218.91,1204.36,879020.0,10,2019,1062075915.0,-0.002237893902358512,Slight or No change,1210.5066666666667,1219.629761904762,18.87171312704047
2019-10-08,1190.13,1198.77,1206.87,1189.48,1030000.0,10,2019,1225833900.0,-0.014996896337678424,Slight or No change,1195.4933333333333,1217.2754761904762,19.722994675927673
2019-10-09,1202.4,1201.33,1208.46,1198.12,813220.0,10,2019,977815728.0,0.01030979808928434,Slight or No change,1202.9933333333333,1214.7416666666666,19.058584029611836
2019-10-10,1209.47,1198.6,1215.62,1197.86,668240.0,10,2019,808216232.8000001,0.005879906852960692,Slight or No change,1207.6499999999999,1212.9971428571428,18.458442112648164
2019-10-11,1215.71,1224.03,1228.75,1213.64,1130000.0,10,2019,1373752300.0,0.005159284645340545,Slight or No change,1219.3666666666668,1212.0435714285716,17.690206207547238
2019-10-14,1217.77,1213.89,1225.88,1211.88,683930.0,10,2019,832869436.1,0.0016944830592822149,Slight or No change,1218.51,1211.5542857142857,17.385670414897234
2019-10-15,1242.24,1221.5,1247.12,1220.92,1530000.0,10,2019,1900627200.0,0.020094106440460942,Slight or No change,1236.76,1211.7238095238095,17.635209626180107
2019-10-16,1243.0,1241.81,1254.19,1238.53,1150000.0,10,2019,1429450000.0,0.0006117980422462033,Slight or No change,1245.24,1212.1271428571429,18.370869957728203
2019-10-17,1252.8,1251.4,1263.75,1249.87,1060000.0,10,2019,1327968000.0,0.007884151246983162,Slight or No change,1255.4733333333334,1214.0385714285715,21.375751727245984
2019-10-18,1244.41,1254.69,1258.11,1240.14,1580000.0,10,2019,1966167800.0,-0.006696998722860671,Slight or No change,1247.5533333333333,1215.9600000000003,23.151331024483802
2019-10-21,1244.28,1248.7,1253.51,1239.99,1030000.0,10,2019,1281608400.0,-0.00010446717721657171,Slight or No change,1245.9266666666665,1218.1830952380953,24.487464243307286
2019-10-22,1241.2,1244.48,1248.73,1239.85,1280000.0,10,2019,1588736000.0,-0.002475327096794877,Slight or No change,1243.26,1222.48,23.0968541906549
2019-10-23,1257.63,1240.21,1258.04,1240.21,1180000.0,10,2019,1484003400.0000002,0.013237189816306838,Slight or No change,1251.96,1227.535,21.01557061132912
2019-10-24,1259.11,1259.11,1262.9,1252.35,1010000.0,10,2019,1271701100.0,0.0011768167107970573,Slight or No change,1258.12,1231.3438095238096,21.405996118876917
